table_id,title,subj,subj_id
2267,"Neraca Fisik Tutupan Pulau Sumatra (Hektar), 2019-2023",Neraca Sosial Ekonomi,104
2266,"Neraca Fisik Tutupan Lahan Pulau Sulawesi (Hektar), 2019-2023",Neraca Sosial Ekonomi,104
2265,"Neraca Fisik Tutupan Lahan Pulau Kalimantan (Hektar), 2019-2023",Neraca Sosial Ekonomi,104
2264,"Neraca Fisik Tutupan Lahan Pulau Jawa (Hektar), 2019-2023",Neraca Sosial Ekonomi,104
2263,"Neraca Fisik Tutupan Lahan Pulau Bali - Nusa Tenggara (Hektar), 2019-2023",Neraca Sosial Ekonomi,104
2262,"Neraca Fisik Tutupan Lahan Indonesia (Hektar), 2019-2023",Neraca Sosial Ekonomi,104
915,Tingkat Inflasi Harga Konsumen Nasional Tahunan (Y-on-Y) 1 (2022=100),Inflasi,3
914,Tingkat Inflasi Harga Konsumen Nasional Tahun Kalender (Y-to-D) 1 (2022=100),Inflasi,3
913,Tingkat Inflasi Harga Konsumen Nasional Bulanan (M-to-M) 1 (2022=100),Inflasi,3
908,"Inflasi Umum, Inti, Harga Yang Diatur Pemerintah, dan Barang Bergejolak Inflasi Indonesia, 2009-2025",Inflasi,3
2151,"Rata-rata Konsumsi dan Pengeluaran Perkapita Seminggu Menurut Komoditi Makanan dan Golongan Pengeluaran per Kapita Seminggu di Provinsi Gorontalo, 2018-2024",Konsumsi dan Pengeluaran,5
2169,"Rata-rata Konsumsi dan Pengeluaran Perkapita Seminggu Menurut Komoditi Makanan dan Golongan Pengeluaran per Kapita Seminggu di Provinsi DKI Jakarta, 2018-2024",Konsumsi dan Pengeluaran,5
2166,"Rata-rata Konsumsi dan Pengeluaran Perkapita Seminggu Menurut Komoditi Makanan dan Golongan Pengeluaran per Kapita Seminggu di Provinsi DI Yogyakarta, 2018-2024",Konsumsi dan Pengeluaran,5
2173,"Rata-rata Konsumsi dan Pengeluaran Perkapita Seminggu Menurut Komoditi Makanan dan Golongan Pengeluaran per Kapita Seminggu di Provinsi Bengkulu, 2018-2024",Konsumsi dan Pengeluaran,5
2164,"Rata-rata Konsumsi dan Pengeluaran Perkapita Seminggu Menurut Komoditi Makanan dan Golongan Pengeluaran per Kapita Seminggu di Provinsi Banten, 2018-2024",Konsumsi dan Pengeluaran,5
2163,"Rata-rata Konsumsi dan Pengeluaran Perkapita Seminggu Menurut Komoditi Makanan dan Golongan Pengeluaran per Kapita Seminggu di Provinsi Bali, 2018-2024",Konsumsi dan Pengeluaran,5
2178,"Rata-rata Konsumsi dan Pengeluaran Perkapita Seminggu Menurut Komoditi Makanan dan Golongan Pengeluaran per Kapita Seminggu di Provinsi Sumatera Utara, 2018-2024",Konsumsi dan Pengeluaran,5
2174,"Rata-rata Konsumsi dan Pengeluaran Perkapita Seminggu Menurut Komoditi Makanan dan Golongan Pengeluaran per Kapita Seminggu di Provinsi Sumatera Selatan, 2018-2024",Konsumsi dan Pengeluaran,5
2177,"Rata-rata Konsumsi dan Pengeluaran Perkapita Seminggu Menurut Komoditi Makanan dan Golongan Pengeluaran per Kapita Seminggu di Provinsi Sumatera Barat, 2018-2024",Konsumsi dan Pengeluaran,5
2155,"Rata-rata Konsumsi dan Pengeluaran Perkapita Seminggu Menurut Komoditi Makanan dan Golongan Pengeluaran per Kapita Seminggu di Provinsi Sulawesi Utara, 2018-2024",Konsumsi dan Pengeluaran,5
2152,"Rata-rata Konsumsi dan Pengeluaran Perkapita Seminggu Menurut Komoditi Makanan dan Golongan Pengeluaran per Kapita Seminggu di Provinsi Sulawesi Tenggara, 2018-2024",Konsumsi dan Pengeluaran,5
2149,"Rata-rata Konsumsi dan Pengeluaran Perkapita Seminggu Menurut Komoditi Makanan dan Golongan Pengeluaran per Kapita Seminggu di Provinsi Maluku, 2018-2024",Konsumsi dan Pengeluaran,5
2148,"Rata-rata Konsumsi dan Pengeluaran Perkapita Seminggu Menurut Komoditi Makanan dan Golongan Pengeluaran per Kapita Seminggu di Provinsi Maluku Utara, 2018-2024",Konsumsi dan Pengeluaran,5
2144,"Rata-rata Konsumsi dan Pengeluaran Perkapita Seminggu Menurut Komoditi Makanan dan Golongan Pengeluaran per Kapita Seminggu di Provinsi Aceh, 2018-2024",Konsumsi dan Pengeluaran,5
1613,"Angka Partisipasi Sekolah (APS) Penduduk Umur 7-18 Tahun Menurut Klasifikasi Desa, Jenis Kelamin, dan Kelompok Umur, 2009-2024",Pendidikan,28
1610,"Persentase Penduduk Umur 15 tahun ke Atas Menurut Klasifikasi Desa, Jenis Kelamin, dan Jenjang Pendidikan Tertinggi yang Ditamatkan, 2009-2024",Pendidikan,28
1525,"Indikator Pendidikan, 1994-2024",Pendidikan,28
1609,"Angka Melek Aksara Penduduk Umur 15 Tahun ke Atas Menurut Provinsi, Klasifikasi Desa, dan Jenis Kelamin, 2009-2024",Pendidikan,28
1603,"Persentase Rumah Tangga menurut Provinsi, Jenis Kelamin Kepala Rumah Tangga, dan Banyaknya Anggota Rumah Tangga, 2009-2024",Gender,40
1986,Rata-rata Harian Konsumsi Protein Per Kapita dan Konsumsi Kalori Per Kapita Tahun 1990 - 2024,Konsumsi dan Pengeluaran,5
1617,"Persentase Penduduk yang Mempunyai Keluhan Kesehatan menurut Provinsi, Tipe daerah dan Jenis Kelamin, 2009-2024",Kesehatan,30
962,"Rata-Rata Pengeluaran per Kapita Sebulan di Daerah Perdesaan Menurut Kelompok Barang dan Golongan Pengeluaran, 2013-2024",Konsumsi dan Pengeluaran,5
951,"Rata-Rata Konsumsi Kalori dan Protein per Kapita per Hari Menurut Provinsi, 2007-2024",Konsumsi dan Pengeluaran,5
946,"Distribusi Pembagian Pengeluaran per Kapita dan Indeks Gini, 2010-2024",Konsumsi dan Pengeluaran,5
950,"Rata-Rata Konsumsi per Kapita Seminggu Beberapa Macam Bahan Makanan Penting, 2007-2024",Konsumsi dan Pengeluaran,5
945,"RataRata Pengeluaran per Kapita Sebulan Untuk Makanan dan Bukan Makanan di Daerah Perkotaan dan Perdesaan Menurut Provinsi (rupiah), 2011-2024",Konsumsi dan Pengeluaran,5
944,"Persentase RataRata Pengeluaran per Kapita Sebulan Untuk Makanan dan Bukan Makanan di Daerah Perdesaan Menurut Provinsi, 2007-2024",Konsumsi dan Pengeluaran,5
940,"Persentase RataRata Pengeluaran per Kapita Sebulan Untuk Makanan dan Bukan Makanan di Daerah Perkotaan Menurut Provinsi, 2007-2024",Konsumsi dan Pengeluaran,5
941,"RataRata Pengeluaran per Kapita Sebulan Untuk Makanan dan Bukan Makanan di Daerah Perdesaan Menurut Provinsi (rupiah), 2007-2024",Konsumsi dan Pengeluaran,5
943,"Rata-Rata Pengeluaran per Kapita Sebulan Untuk Makanan dan Bukan Makanan di Daerah Perkotaan Menurut Provinsi (rupiah), 2007-2024",Konsumsi dan Pengeluaran,5
942,"RataRata Pengeluaran per Kapita Sebulan di Daerah Perkotaan Menurut Kelompok Barang dan Golongan Pengeluaran, 2013-2024",Konsumsi dan Pengeluaran,5
937,"Persentase Pengeluaran Rata-rata per Kapita Sebulan Menurut Kelompok Barang, Indonesia, 1999, 2002-2024",Konsumsi dan Pengeluaran,5
2256,"Posisi Kredit/Pembiayaan (Rupiah dan Valuta Asing) pada Bank Umum Menurut Kelompok Bank dan BPR/BPR Syariah (Rupiah) kepada Pihak Bukan Bank (miliar rupiah), 20142023",Keuangan,13
2015,"Impor Kedelai menurut Negara Asal Utama, 2017-2023",Ekspor-Impor,8
1812,Sistem Neraca Sosial Ekonomi Indonesia Tahun 2022 (84 x 84),Neraca Sosial Ekonomi,104
1186,Sistem Neraca Sosial Ekonomi Indonesia Tahun 2022 (55 x 55),Neraca Sosial Ekonomi,104
1185,Sistem Neraca Sosial Ekonomi Indonesia Tahun 2022 (9 x 9),Neraca Sosial Ekonomi,104
2019,"Ekspor Tanaman Obat, Aromatik, dan Rempah-Rempah menurut Negara Tujuan Utama, 2012-2023",Ekspor-Impor,8
1032,"Ekspor Bijih Tembaga Menurut Negara Tujuan Utama, 2012-2023",Ekspor-Impor,8
1010,"Nilai Ekspor Menurut Negara Tujuan Utama (Nilai FOB: juta US$), 2000-2023",Ekspor-Impor,8
1008,Nilai Ekspor Menurut Pelabuhan Utama (Nilai FOB: juta US$) 2000-2023,Ekspor-Impor,8
1004,Nilai Ekspor dan Impor Migas (juta US$) 1996-2023,Ekspor-Impor,8
1009,"Volume Ekspor Menurut Negara Tujuan Utama (Berat bersih: ribu ton), 2000-2023",Ekspor-Impor,8
1007,Volume Ekspor Menurut Pelabuhan Utama (Berat bersih: ribu ton) 1996-2023,Ekspor-Impor,8
1034,"Ekspor Batu Bara Menurut Negara Tujuan Utama, 2012-2023",Ekspor-Impor,8
2028,"Ekspor Barang Perhiasan dan Barang Berharga Menurut Negara Tujuan Utama, 2012-2023",Ekspor-Impor,8
2033,"Ekspor Besi/Baja Menurut Negara Tujuan Utama, 2012-2023",Ekspor-Impor,8
2020,"Ekspor Buah-Buahan Tahunan menurut Negara Tujuan Utama, 2012-2023",Ekspor-Impor,8
1013,"Ekspor Gas Alam Menurut Negara Tujuan Utama, 2000-2023",Ekspor-Impor,8
1012,"Ekspor Hasil Minyak Menurut Negara Tujuan Utama, 2000-2023",Ekspor-Impor,8
2031,"Ekspor Kendaraan Bermotor Roda Empat atau Lebih menurut Negara Tujuan Utama, 2012-2023",Ekspor-Impor,8
2021,"Ekspor Lada Hitam Menurut Negara Tujuan Utama, 2012- 2023",Ekspor-Impor,8
2023,"Ekspor Lada Putih menurut Negara Tujuan Utama, 2012-2023",Ekspor-Impor,8
2035,"Ekspor Lignit menurut Negara Tujuan Utama, 2012-2023",Ekspor-Impor,8
2034,"Ekspor Logam Dasar Mulia Menurut Negara Tujuan Utama, 2012-2023",Ekspor-Impor,8
1011,"Ekspor Minyak Bumi Mentah Menurut Negara Tujuan Utama, 2000-2023",Ekspor-Impor,8
1026,"Ekspor Minyak Kelapa Sawit Menurut Negara Tujuan Utama, 2012-2023",Ekspor-Impor,8
2026,"Ekspor Pakaian Jadi (Konveksi) dari Tekstil Menurut Negara Tujuan Utama, 2012-2023",Ekspor-Impor,8
2027,"Ekspor Peralatan Listrik menurut Negara Tujuan Utama, 2012-2023",Ekspor-Impor,8
2025,"Ekspor Rumput Laut dan Ganggang Lainnya menurut Negara Tujuan Utama, 2012-2023",Ekspor-Impor,8
2022,"Ekspor Sarang Burung menurut Negara Tujuan Utama, 2012-2023",Ekspor-Impor,8
2032,"Ekspor Sepatu Olahraga menurut Negara Tujuan Utama, 2012-2023",Ekspor-Impor,8
2024,"Ekspor Ikan Segar/Dingin Hasil Tangkap menurut Negara Tujuan Utama, 2012-2023",Ekspor-Impor,8
1014,"Ekspor Kopi Menurut Negara Tujuan Utama, 2000-2023",Ekspor-Impor,8
2030,"Ekspor Karet Remah Menurut Negara Tujuan Utama, 2012-2023",Ekspor-Impor,8
2029,"Ekspor Kimia Dasar Organik yang Bersumber dari Hasil Pertanian menurut Negara Tujuan Utama, 2012-2023",Ekspor-Impor,8
1177,"Jumlah Pegawai Negeri Sipil Menurut Masa Kerja dan Jenis Kelamin, 2004 - 2023",Pemerintahan,101
2245,"Rata-rata Pendapatan Bersih Pekerja Bebas Menurut Provinsi dan Kelompok Umur, 2023",Upah Buruh,19
2244,"Rata-rata Pendapatan Bersih Berusaha Sendiri Menurut Provinsi dan Lapangan Pekerjaan Utama, 2023",Upah Buruh,19
2243,"Rata-rata Pendapatan Bersih Berusaha Sendiri Menurut Provinsi dan Kelompok Umur, 2023",Upah Buruh,19
1268,"Rata-rata Laju Pertumbuhan Penduduk menurut Provinsi, 1971 - 2024",Kependudukan,12
1036,"Nilai Impor Menurut Negara Asal Utama (Nilai CIF: juta US$), 2017-2023",Ekspor-Impor,8
2016,"Impor Biji Gandum dan Meslin menurut Negara Asal Utama, 2017-2023",Ekspor-Impor,8
2010,"Impor Buah-buahan menurut Negara Asal Utama, 2018-2023",Ekspor-Impor,8
2011,"Impor Daging Sejenis Lembu menurut Negara Asal Utama, 2018-2023",Ekspor-Impor,8
2013,"Impor Garam menurut Negara Asal Utama, 2017-2023",Ekspor-Impor,8
2014,"Impor Gula menurut Negara Asal Utama, 2017-2023",Ekspor-Impor,8
2009,"Impor Sayuran Menurut Negara Asal Utama, 2018-2023",Ekspor-Impor,8
1043,"Impor Beras Menurut Negara Asal Utama, 2017-2023",Ekspor-Impor,8
1035,"Volume Impor Menurut Negara Asal Utama (Berat bersih:ribu ton), 2017-2023",Ekspor-Impor,8
1037,"Volume Impor Menurut Pelabuhan Utama (Berat bersih: ribu ton), 2017-2023",Ekspor-Impor,8
1038,"Nilai Impor Menurut Pelabuhan Utama (Nilai CIF: juta US$), 2017-2023",Ekspor-Impor,8
1044,"Impor Pupuk Menurut Negara Asal Utama, 2017-2023",Ekspor-Impor,8
2012,"Impor Tembakau menurut Negara Asal Utama, 2018-2023",Ekspor-Impor,8
1040,"Impor Barang Konsumsi, 1989-2023",Ekspor-Impor,8
1041,"Impor Bahan Baku dan Barang Penolong, 1996-2023",Ekspor-Impor,8
1042,"Impor Barang Modal, 1996-2023",Ekspor-Impor,8
1048,"Nilai Impor Kendaraan Bermotor Menurut Negara Asal Utama (Nilai CIF:juta US$), 2018-2023",Ekspor-Impor,8
1003,Volume Ekspor dan Impor Migas (Berat bersih: ribu ton) 1996-2023,Ekspor-Impor,8
1045,"Impor Semen Menurut Negara Asal Utama, 2017-2023",Ekspor-Impor,8
1047,"Impor Besi dan Baja Menurut Negara Asal Utama, 20172023",Ekspor-Impor,8
1050,"Impor Mesin/Perlengkapan Elektrik dan Bagiannya Menurut Negara Asal Utama, 2018-2023",Ekspor-Impor,8
2017,"Impor Aluminium menurut Negara Asal Utama, 2017-2023",Ekspor-Impor,8
2018,"Impor Tembaga menurut Negara Asal Utama, 2018-2023",Ekspor-Impor,8
1798,"Jumlah Pegawai Negeri Sipil Menurut Jenis Kepegawaian dan Jenis Kelamin, 2004 - 2023",Pemerintahan,101
1176,"Jumlah Pegawai Negeri Sipil Menurut Kelompok Umur dan Jenis Kelamin, 2004 - 2023",Pemerintahan,101
1175,"Jumlah Pegawai Negeri Sipil Menurut Tingkat Pendidikan dan Jenis Kelamin, 2004 - 2023",Pemerintahan,101
1164,"Jumlah Pegawai Negeri Sipil Menurut Tingkat Kepangkatan dan Jenis Kelamin, 2004-2023",Pemerintahan,101
1163,"Jumlah Pegawai Negeri Sipil Menurut Provinsi dan Jenis Kelamin, 2004-2023",Pemerintahan,101
1426,"Produksi Angkutan Kereta Api Penumpang, 2000-2022",Transportasi,17
1934,"Penduduk Berumur 15 Tahun Ke Atas yang Bekerja Selama Seminggu yang Lalu Menurut Golongan Umur dan Jumlah Jam Kerja Seluruhnya, 2008 - 2024",Tenaga Kerja,6
2181,"Total Ekonomi - Neraca Institusi Terintegrasi ( triliun rupiah), 2016 - 2023",Neraca Institusi Terintegrasi,178
2185,"Institusi Rumah Tangga Neraca Institusi Terintegrasi ( triliun rupiah), 2016 2023",Neraca Institusi Terintegrasi,178
2187,"Institusi Luar Negeri Neraca Institusi Terintegrasi ( triliun rupiah), 2016 2023",Neraca Institusi Terintegrasi,178
2183,"Institusi Korporasi Finansial Neraca Institusi Terintegrasi ( triliun rupiah), 2016 2023",Neraca Institusi Terintegrasi,178
2182,"Institusi Korporasi Non Finansial Neraca Institusi Terintegrasi ( triliun rupiah), 2016 2023",Neraca Institusi Terintegrasi,178
2186,"Institusi Lembaga non-profit yang melayani Rumah Tangga Neraca Institusi Terintegrasi (Triliun Rupiah), 2016 2023",Neraca Institusi Terintegrasi,178
2184,"Institusi Pemerintah Neraca Institusi Terintegrasi (Triliun Rupiah), 2016 2023",Neraca Institusi Terintegrasi,178
1814,Sistem Neraca Sosial Ekonomi Indonesia Tahun 2022 dalam Format SNA 1968 (44 x 44),Neraca Sosial Ekonomi,104
1815,Sistem Neraca Sosial Ekonomi Indonesia Tahun 2022 dalam Format SNA 1968 (65x65),Neraca Sosial Ekonomi,104
1420,Jumlah Penumpang Kapal di Pelabuhan Yang Diusahakan dan Tidak Diusahakan Tahun 1995-2022,Transportasi,17
1419,Bongkar Muat Barang Antar Pulau dan Luar Negeri di Pelabuhan Indonesia Tahun 1988-2022 (Ribu ton),Transportasi,17
1418,Jumlah Kunjungan Kapal di Pelabuhan Yang Diusahakan dan Tidak Diusahakan Tahun 1995-2022,Transportasi,17
1414,Jumlah Penumpang dan Barang Melalui Transportasi Kereta Api Indonesia Tahun 1987-2022,Transportasi,17
1403,Lalu Lintas Penerbangan Luar Negeri Indonesia Tahun 2003-2022,Transportasi,17
1402,Lalu Lintas Penerbangan Dalam Negeri Indonesia Tahun 2003-2022,Transportasi,17
907,"Indeks Harga Konsumen dan Inflasi Bulanan Indonesia, 2006-2023",Inflasi,3
2090,"Indeks Harga Konsumen Menurut Kelompok Pengeluaran, 2020-2023",Inflasi,3
2083,"Inflasi Indonesia Menurut Kelompok Pengeluaran, 2020-2023",Inflasi,3
1611,"Persentase Penduduk Umur 10 Tahun ke Atas yang Tidak/Belum Pernah Sekolah Menurut Provinsi, Klasifikasi Desa, dan Jenis Kelamin, 2009-2023",Gender,40
1533,"Persentase Penduduk Usia 7-24 Tahun Menurut Jenis Kelamin, Kelompok Umur, dan Partisipasi Sekolah, 2002-2023",Pendidikan,28
2081,Angka Deforestasi (Netto) Indonesia di Dalam dan di Luar Kawasan Hutan Tahun 2013-2022 (Ha/Th),Kehutanan,60
1559,Indikator Kesehatan 1995-2023,Kesehatan,30
1973,Perbandingan Indeks dan Tingkat Inflasi Desember 2023 Kota-kota di Pulau Sumatera dengan Nasional (2018=100),Inflasi,3
1974,Perbandingan Indeks dan Tingkat Inflasi Desember 2023 Kota-kota di Pulau Jawa dengan Nasional (2018=100),Inflasi,3
1975,Perbandingan Indeks dan Tingkat Inflasi Desember 2023 Kota-kota di Luar Pulau Jawa dan Sumatera dengan Nasional (2018=100),Inflasi,3
2225,"Penduduk Berumur 15 Tahun ke Atas yang Bekerja menurut Provinsi dan Status Pekerjaan Utama, 2023",Upah Buruh,19
2230,"Rata-rata Pendapatan bersih Berusaha Sendiri menurut Provinsi dan Pendidikan yang Ditamatkan, 2023",Upah Buruh,19
2197,"Rata-rata Pendapatan Bersih Pekerja Bebas Menurut Provinsi dan Lapangan Pekerjaan Utama, 2023",Upah Buruh,19
2196,"Rata-rata Pendapatan Bersih Pekerja Bebas Menurut Provinsi dan Pendidikan Tertinggi yang Ditamatkan, 2023",Upah Buruh,19
2229,"Rata-rata Upah/Gaji Bersih Sebulan Buruh/Karyawan Pegawai Menurut Kelompok Umur dan Lapangan Pekerjaan Utama, 2023",Upah Buruh,19
2228,"Rata-rata Upah/Gaji Bersih Sebulan Buruh/Karyawan/Pegawai Menurut Pendidikan Tertinggi yang Ditamatkan dan Jenis Pekerjaan Utama, 2023",Upah Buruh,19
2235,"Rata-rata Upah/Gaji Bersih sebulan Buruh/Karyawan Pegawai Menurut Pendidikan Tertinggi dan Jumlah Jam Kerja Utama, 2023",Upah Buruh,19
2234,"Rata-rata Upah/Gaji Bersih sebulan Buruh/Karyawan Pegawai Menurut Pendidikan Tertinggi dan Lapangan Pekerjaan Utama, 2023",Upah Buruh,19
2233,"Rata-rata Upah/Gaji Bersih Sebulan Buruh/Karyawan/Pegawai Menurut Provinsi dan Jenis Pekerjaan Utama, 2023",Upah Buruh,19
2231,"Rata-rata Upah/Gaji Bersih Sebulan Buruh/Karyawan/Pegawai Menurut Provinsi dan Lapangan Pekerjaan Utama, 2023",Upah Buruh,19
1046,"Impor Minyak Bumi dan Hasil-Hasil Menurut Negara Asal Utama, 2017-2022",Ekspor-Impor,8
2218,"Angka Kematian Balita (Under Five Mortality Rate/U5MR) Hasil Long Form SP2020 Menurut Provinsi, 2020",Kependudukan,12
2219,"Angka Kematian Ibu/AKI (Maternal Mortality Rate/MMR) Hasil Long Form SP2020 Menurut Provinsi, 2020",Kependudukan,12
2217,"Angka Kematian Anak (Child Mortality Rate/CMR) Hasil Long Form SP2020 Menurut Provinsi, 2020",Kependudukan,12
2221,"Angka Kematian Anak (Child Mortality Rate/CMR) Hasil Long Form SP2020 Menurut Provinsi/Kabupaten/Kota, 2020",Kependudukan,12
2220,"Angka Kematian Bayi/AKB (Infant Mortality Rate/IMR) Hasil Long Form SP2020 Menurut Provinsi/Kabupaten/Kota, 2020",Kependudukan,12
2222,"Angka Kematian Balita (Under Five Mortality Rate/U5MR) Hasil Long Form SP2020 Menurut Provinsi/Kabupaten/Kota, 2020",Kependudukan,12
2213,"Angka Kelahiran Kasar (Crude Birth Rate) Hasil Long Form SP2020 Menurut Provinsi/Kabupaten/Kota, 2020",Kependudukan,12
2215,"Angka Kelahiran Hasil Long Form SP2020 Menurut Kelompok Umur Ibu (Age Spesific Fertility Rate/ASFR) dan Provinsi/Kabupaten/Kota, 2020",Kependudukan,12
2211,"Angka Kelahiran Total / Total Fertility Rate (TFR) Hasil Long Form (LF) SP2020 Menurut Provinsi/Kabupaten/Kota, 2020",Kependudukan,12
2200,"Rata-rata Pendapatan Bersih Berusaha Sendiri Menurut Provinsi dan Lapangan Pekerjaan Utama, 2022-2023",Upah Buruh,19
2198,"Rata-rata Pendapatan Bersih Pekerja Bebas Menurut Provinsi dan Kelompok Umur, 2022-2023",Upah Buruh,19
2193,"Rata-rata Upah/Gaji Bersih sebulan Buruh/Karyawan Pegawai Menurut Pendidikan Tertinggi dan Jumlah Jam Kerja Utama, 2022-2023",Upah Buruh,19
2227,"Rata-Rata Upah/Gaji Bersih Sebulan (rupiah) Buruh/Karyawan/Pegawai Menurut Pendidikan Tertinggi yang Ditamatkan dan Lapangan Pekerjaan Utama di 17 Sektor, 2023",Upah Buruh,19
2191,"Rata-rata Upah/Gaji Bersih Sebulan Buruh/Karyawan/Pegawai Menurut Kelompok Umur dan Jenis Pekerjaan, 2022-2023",Upah Buruh,19
2190,"Rata-rata Upah/Gaji Bersih Sebulan Buruh/Karyawan/Pegawai Menurut Provinsi dan Jenis Pekerjaan Utama, 2022-2023",Upah Buruh,19
1596,"Rata-Rata Harga Gabah Menurut Kelompok Kualitas dan HPP di Tingkat Petani dan Tingkat Penggilingan (Rupiah/kg), 2000-2022",Harga Produsen,36
2210,"Angka Kelahiran Total / Total Fertility Rate (TFR) Menurut Provinsi, 1971-2020",Kependudukan,12
2216,"Angka Kematian Bayi/AKB (Infant Mortality Rate/IMR) Menurut Provinsi , 1971-2020",Kependudukan,12
2214,Angka Kelahiran menurut Kelompok Umur Ibu (Age Spesific Fertility Rate/ASFR) Menurut Provinsi 1971-2020,Kependudukan,12
2212,"Angka Kelahiran Kasar (Crude Birth Rate/CBR) Menurut Provinsi, 1990-2020",Kependudukan,12
1701,"Jumlah Perusahaan Penangkapan Ikan Menurut Status Permodalan, 2000-2021",Perikanan,56
1702,"Jumlah Perusahaan Budidaya Perikanan Menurut Jenis Budidaya, 2000-2021",Perikanan,56
1555,"Persentase Rumah Tangga menurut Provinsi dan Sumber Penerangan Listrik PLN, 1993-2022",Perumahan,29
2201,"Rata-rata Pendapatan Bersih Berusaha Sendiri Menurut Provinsi dan Kelompok Umur, 2022",Upah Buruh,19
2199,"Rata-rata Pendapatan bersih Berusaha Sendiri menurut Provinsi dan Pendidikan yang Ditamatkan, 2022",Upah Buruh,19
2195,"Rata-rata Upah/Gaji Bersih Sebulan Buruh/Karyawan Pegawai Menurut Kelompok Umur dan Lapangan Pekerjaan Utama, 2022",Upah Buruh,19
2194,"Rata-rata Upah/Gaji Bersih Sebulan Buruh/Karyawan Pegawai Menurut Pendidikan Tertinggi dan Jenis Pekerjaan Utama, 2022",Upah Buruh,19
2202,"Penduduk Berumur 15 Tahun Ke Atas yang Bekerja Menurut Provinsi dan Status Pekerjaan Utama, 2022",Upah Buruh,19
2192,"Rata-rata Upah/Gaji Bersih sebulan Buruh/Karyawan Pegawai Menurut Pendidikan Tertinggi dan Lapangan Pekerjaan Utama, 2022",Upah Buruh,19
2189,"Rata-rata Upah/Gaji Bersih Sebulan Buruh/Karyawan/Pegawai Menurut Provinsi dan Lapangan Pekerjaan Utama, 2022",Upah Buruh,19
2207,Diagram Timbang Indeks Harga Produsen 2010=100,Harga Produsen,36
1940,"Persentase Rumah Tangga yang Menggunakan Lampu Hemat Energi Menurut Provinsi dan Daerah Tempat Tinggal, 2014, 2021",Lingkungan Hidup,152
1964,"Persentase Rumah Tangga Menurut Provinsi dan Sumber Penerangan, 2015-2021",Lingkungan Hidup,152
1360,"Persentase Rumah Tangga Menurut Provinsi dan Perlakuan Memilah Sampah Mudah Membusuk dan Tidak Mudah Membusuk, 2013-2014, 2021",Lingkungan Hidup,152
1359,"Persentase Rumah Tangga Menurut Provinsi dan Kepemilikan Kendaraan Bermotor, 2013-2014",Lingkungan Hidup,152
1358,"Persentase Rumah Tangga Menurut Provinsi dan KebiasaanMemanfaatkan Air Bekas untuk Keperluan Lain, 2013, 2014, 2017, 2021",Lingkungan Hidup,152
1363,"Persentase Rumah Tangga Menurut Provinsi dan Fasilitas Tempat Buang Air Besar, 2000-2021",Lingkungan Hidup,152
2050,"Persentase Rumah Tangga Menurut Provinsi dan Banyaknya Lampu Hemat Energi yang Terpasang di Rumah, 2013, 2017, 2021",Lingkungan Hidup,152
1364,"Persentase Rumah Tangga Menurut Provinsi dan Bahan Bakar Utama untuk Memasak Tahun 2001, 2007-2021",Lingkungan Hidup,152
2074,"Perkembangan Konsumsi Bahan Perusak Ozon di Indonesia menurut Senyawa Kimia dan Kode HS (Metrik Ton), 2015-2020",Lingkungan Hidup,152
2073,"Perbandingan Emisi Gas Rumah Kaca menurut Sektor dan Jenis Gas (ribu Ton CO2e), 2000 dan 2016",Lingkungan Hidup,152
2072,"Emisi Gas Rumah Kaca menurut Jenis Sektor (ribu ton CO2e), 2000-2019",Lingkungan Hidup,152
2102,"Rata-rata Upah/Gaji Bersih Sebulan Buruh/Karyawan/Pegawai Menurut Kelompok Umur dan Jenis Pekerjaan, 2020",Upah Buruh,19
1968,"Anggaran Kesehatan dari Direktorat Penyusunan APBN - Direktorat Jenderal Anggaran, Kementerian Keuangan",Kesehatan,30
1971,"Laporan Hasil Ujian Nasional SMP, SMA, dan SMK",Pendidikan,28
2008,Statistik Pendidikan Tahunan,Pendidikan,28
1711,"Produksi Perikanan Menurut Subsektor (ribu ton), 1999-2020*",Perikanan,56
1706,"Produksi Perikanan Budidaya Menurut Provinsi dan Jenis Budidaya, 2000-2020",Perikanan,56
1705,"Produksi Perikanan Tangkap Menurut Provinsi dan Jenis Penangkapan, 2000-2020",Perikanan,56
1842,"Ringkasan Profil Usaha Konstruksi Perorangan, 2013 - 2020",Konstruksi,4
1081,"Nilai Output Industri Besar dan Sedang (miliar rupiah), 2012-2019",Industri Besar dan Sedang,9
2075,"Rekapitulasi Laporan Posisi Keuangan Perusahaan Asuransi-Konvensional Menurut Jenis Usaha per 31 Desember (miliar rupiah), 2016-2021",Keuangan,13
1340,Rekapitulasi Laporan Posisi Keuangan Perusahaan Penyelenggara Program Asuransi Wajib dan BPJS Per 31 Desember (miliar rupiah) 2000-2021,Keuangan,13
1309,"Posisi Tabungan pada Bank Umum Menurut Jenis Tabungan1 (miliar rupiah), 2000-2021",Keuangan,13
2001,"Pemberian Kredit oleh Lembaga-Lembaga Keuangan Lainnya (miliar rupiah), 2015-2021",Keuangan,13
2082,"Bank dan Kantor Bank, 2014-2021",Keuangan,13
1707,"Jumlah Rumah Tangga Perikanan Budidaya Menurut Provinsi dan Jenis Budidaya, 2000-2016",Perikanan,56
1851,"Nilai Produksi dan Biaya Produksi per Hektar per Siklus Usaha Budidaya Rumput Laut, Bandeng, dan Udang Windu, 2014",Perikanan,56
1712,"Luas Area Usaha Budidaya Perikanan Menurut Provinsi dan Jenis Budidaya (ha), 2005-2016",Perikanan,56
1704,"Jumlah Perahu/Kapal, Luas Usaha Budidaya dan Produksi menurut Sub Sektor Perikanan, 2002-2016",Perikanan,56
2134,"Rata-rata Upah/Gaji Bersih sebulan Buruh/Karyawan Pegawai Menurut Pendidikan Tertinggi dan Jumlah Jam Kerja Utama, 2021",Upah Buruh,19
2132,"Rata-rata Upah/Gaji Bersih Sebulan Buruh/Karyawan/Pegawai Menurut Kelompok Umur dan Jenis Pekerjaan, 2021",Upah Buruh,19
2130,"Rata-rata Upah/Gaji Bersih Sebulan Buruh/Karyawan/Pegawai Menurut Provinsi dan Lapangan Pekerjaan Utama, 2021",Upah Buruh,19
2135,"Rata-rata Upah/Gaji Bersih Sebulan Buruh/Karyawan Pegawai Menurut Pendidikan Tertinggi dan Jenis Pekerjaan Utama, 2021",Upah Buruh,19
2133,"Rata-rata Upah/Gaji Bersih sebulan Buruh/Karyawan Pegawai Menurut Pendidikan Tertinggi dan Lapangan Pekerjaan Utama, 2021",Upah Buruh,19
2136,"Rata-rata Upah/Gaji Bersih Sebulan Buruh/Karyawan Pegawai Menurut Kelompok Umur dan Lapangan Pekerjaan Utama, 2021",Upah Buruh,19
2131,"Rata-rata Upah/Gaji Bersih Sebulan Buruh/Karyawan/Pegawai Menurut Provinsi dan Jenis Pekerjaan Utama, 2021",Upah Buruh,19
2138,"Rata-rata Pendapatan Bersih Pekerja Bebas Menurut Provinsi dan Lapangan Pekerjaan Utama, 2021",Upah Buruh,19
2139,"Rata-rata Pendapatan Bersih Pekerja Bebas Menurut Provinsi dan Kelompok Umur, 2021",Upah Buruh,19
2137,"Rata-rata Pendapatan Bersih Pekerja Bebas Menurut Provinsi dan Pendidikan Tertinggi yang Ditamatkan, 2021",Upah Buruh,19
2140,"Rata-rata Pendapatan bersih Berusaha Sendiri menurut Provinsi dan Pendidikan yang Ditamatkan, 2021",Upah Buruh,19
2141,"Rata-rata Pendapatan Bersih Berusaha Sendiri Menurut Provinsi dan Lapangan Pekerjaan Utama, 2021",Upah Buruh,19
2142,"Rata-rata Pendapatan Bersih Berusaha Sendiri Menurut Provinsi dan Kelompok Umur, 2021",Upah Buruh,19
2110,Rekapitulasi Luas Penutupan Lahan Hutan dan Non Hutan Menurut Provinsi Tahun 2014-2023 (Ribu Ha),Kehutanan,60
2084,Luas Penutupan Lahan Indonesia Di Dalam Dan Di Luar Kawasan Hutan Tahun 2014-2023 Menurut Kelas (Ribu Ha),Kehutanan,60
1573,Hasil Penghitungan Suara Sah Partai Politik Peserta Pemilu Legislatif Tahun 1955-2024,Politik dan Keamanan,34
1169,"Perolehan Suara dan Kursi Dewan Perwakilan Rakyat (DPR) Menurut Partai Politik Hasil Pemilu Tahun 2009, 2014, 2019 dan 2024",Pemerintahan,101
971,Penduduk 15 Tahun Ke Atas Menurut Status Pekerjaan Utama 1986 - 2024,Tenaga Kerja,6
1092,"Produksi Minyak Bumi dan Gas Alam, 1996-2023",Pertambangan,10
2274,"Tabel Input-Output Indonesia Transaksi Total Atas Dasar Harga Pembeli (185 Produk), 2020 (Juta Rupiah)",Input output,105
2273,"Tabel Input-Output Indonesia Transaksi Total Atas Dasar Harga Pembeli (17 Produk), 2020 (Juta Rupiah)",Input output,105
2272,"Tabel Input-Output Indonesia Transaksi Total Atas Dasar Harga Dasar (185 Produk), 2020 (Juta Rupiah)",Input output,105
2271,"Tabel Input-Output Indonesia Transaksi Total Atas Dasar Harga Dasar (17 Produk), 2020 (Juta Rupiah)",Input output,105
2143,"Penduduk Berumur 15 Tahun Ke Atas yang Bekerja Menurut Provinsi dan Status Pekerjaan Utama, 2021",Upah Buruh,19
1545,"Persentase Rumah Tangga yang Menempati Rumah dengan Dinding Terluas Bukan Bambu/lainnya, 1993-2021",Perumahan,29
1267,"Jumlah Penduduk Hasil Sensus Penduduk (SP) dan Survei Penduduk Antar Sensus (SUPAS) menurut Provinsi, 1971 - 2015",Kependudukan,12
966,"Rata-Rata Pengeluaran per Kapita Sebulan Menurut Kelompok Barang (rupiah), 2013-2021",Konsumsi dan Pengeluaran,5
2125,"Tabel Inter Regional Input-Output Indonesia Transaksi Domestik Atas Dasar Harga Produsen Menurut 6 Kelompok Pulau dan 52 Industri, 2016 (Juta Rupiah)",Input output,105
2124,"Tabel Inter Regional Input-Output Indonesia Transaksi Domestik Atas Dasar Harga Produsen Menurut 6 Kelompok Pulau dan 17 Lapangan Usaha, 2016 (Juta Rupiah)",Input output,105
2127,"Tabel Inter Regional Input-Output Indonesia Transaksi Domestik Atas Dasar Harga Produsen Menurut 34 Provinsi dan 17 Lapangan Usaha, 2016 (Juta Rupiah)",Input output,105
2128,"Tabel Inter Regional Input-Output Indonesia Transaksi Domestik Atas Dasar Harga Produsen Menurut 34 Provinsi dan 52 Industri, 2016 (Juta Rupiah)",Input output,105
2123,"Tabel Input-Output Indonesia Transaksi Domestik Atas Dasar Harga Produsen (52 Industri), 2016 (Juta Rupiah)",Input output,105
2122,"Tabel Input-Output Indonesia Transaksi Domestik Atas Dasar Harga Produsen (17 Lapangan Usaha), 2016 (Juta Rupiah)",Input output,105
2119,"Konkordansi Klasifikasi Tabel Inter Regional Input-Output Indonesia, 2016 (52 Industri - 17 Lapangan Usaha)",Input output,105
2118,"Tabel Input-Output Indonesia Transaksi Total Atas Dasar Harga Pembeli (185 Produk), 2016 (Juta Rupiah)",Input output,105
2114,"Tabel Input-Output Indonesia Transaksi Total Atas Dasar Harga Pembeli (17 Produk), 2016 (Juta Rupiah)",Input output,105
2117,"Tabel Input-Output Indonesia Transaksi Total Atas Dasar Harga Dasar (185 Produk), 2016 (Juta Rupiah)",Input output,105
2113,"Tabel Input-Output Indonesia Transaksi Total Atas Dasar Harga Dasar (17 Produk), 2016 (Juta Rupiah)",Input output,105
2115,"Konkordansi Klasifikasi Tabel Input-Output Indonesia, 2016 (185 Produk - 17 Produk)",Input output,105
2116,"Tabel Input-Output Indonesia Transaksi Domestik Atas Dasar Harga Dasar (185 Produk), 2016 (Juta Rupiah)",Input output,105
2112,"Tabel Input-Output Indonesia Transaksi Domestik Atas Dasar Harga Dasar (17 Produk), 2016 (Juta Rupiah)",Input output,105
2106,"Rata-rata Pendapatan bersih Berusaha Sendiri menurut Provinsi dan Pendidikan yang Ditamatkan, 2020",Upah Buruh,19
2103,"Rata-rata Pendapatan Bersih Pekerja Bebas Menurut Provinsi dan Pendidikan Tertinggi yang Ditamatkan, 2020",Upah Buruh,19
2109,"Penduduk Berumur 15 Tahun Ke Atas yang Bekerja Menurut Provinsi dan Status Pekerjaan Utama, 2020",Upah Buruh,19
2108,"Rata-rata Pendapatan Bersih Berusaha Sendiri Menurut Provinsi dan Kelompok Umur, 2020",Upah Buruh,19
2107,"Rata-rata Pendapatan Bersih Berusaha Sendiri Menurut Provinsi dan Lapangan Pekerjaan Utama, 2020",Upah Buruh,19
2105,"Rata-rata Pendapatan Bersih Pekerja Bebas Menurut Provinsi dan Kelompok Umur, 2020",Upah Buruh,19
2104,"Rata-rata Pendapatan Bersih Pekerja Bebas Menurut Provinsi dan Lapangan Pekerjaan Utama, 2020",Upah Buruh,19
2101,"Rata-rata Upah/Gaji Bersih Sebulan Buruh/Karyawan Pegawai Menurut Kelompok Umur dan Lapangan Pekerjaan Utama, 2020",Upah Buruh,19
2100,"Rata-rata Upah/Gaji Bersih Sebulan Buruh/Karyawan Pegawai Menurut Pendidikan Tertinggi dan Jenis Pekerjaan Utama, 2020",Upah Buruh,19
2099,"Rata-rata Upah/Gaji Bersih sebulan Buruh/Karyawan Pegawai Menurut Pendidikan Tertinggi dan Jumlah Jam Kerja Utama, 2020",Upah Buruh,19
2098,"Rata-rata Upah/Gaji Bersih sebulan Buruh/Karyawan Pegawai Menurut Pendidikan Tertinggi dan Lapangan Pekerjaan Utama, 2020",Upah Buruh,19
2096,"Rata-rata Upah/Gaji Bersih Sebulan Buruh/Karyawan/Pegawai Menurut Provinsi dan Jenis Pekerjaan Utama, 2020",Upah Buruh,19
2097,"Rata-rata Upah/Gaji Bersih Sebulan Buruh/Karyawan/Pegawai Menurut Provinsi dan Lapangan Pekerjaan Utama, 2020",Upah Buruh,19
2111,Laporan Survei Demografi dan Kesehatan Indonesia,Kesehatan,30
2091,"Upah Nominal dan Riil Buruh Tani di Indonesia (Rupiah), 2019-2020 (2018=100)",Upah Buruh,19
1276,"Persentase Penduduk Daerah Perkotaan Hasil Proyeksi Penduduk menurut Provinsi, 2015 - 2035",Kependudukan,12
1097,"Produksi Beberapa Hasil Kilang Minyak dan Gas Menurut Jenis Hasil Kilang (barel), 2000-2018",Pertambangan,10
1902,"Upah Nominal dan Riil Buruh Tani di Indonesia (Rupiah), 2009-2019 (2012=100)",Upah Buruh,19
2089,Rasio laju peningkatan konsumsi tanah dengan laju pertumbuhan penduduk,Geografi,153
2088,Jumlah Peserta Proper yang Mencapai Minimal Ranking Biru,Pemerintahan,101
2087,Proporsi pemerintah kota yang memiliki dokumen strategi pengurangan risiko bencana,Pemerintahan,101
2086,Rekap Dokumen RPB Kabupaten/Kota,Sosial Budaya,27
2085,Rekap Dokumen RPB Provinsi,Sosial Budaya,27
901,"Inflasi Indonesia Menurut Kelompok Pengeluaran, 2006-2019",Inflasi,3
2071,"Rata-rata UpahGaji Bersih Sebulan Buruh/Karyawan/Pegawai Menurut Provinsi dan Lapangan Pekerjaan Utama, 2019",Upah Buruh,19
2070,"Rata-rata UpahGaji Bersih Sebulan Buruh/Karyawan/Pegawai Menurut Provinsi dan Jenis Pekerjaan Utama, 2019",Upah Buruh,19
2069,"Rata-rata Upah/Gaji Bersih sebulan Buruh/Karyawan Pegawai Menurut Pendidikan Tertinggi dan Lapangan pekerjaan utama, 2019",Upah Buruh,19
2068,"Rata-rata Upah/Gaji Bersih sebulan Buruh/Karyawan Pegawai Menurut Pendidikan Tertinggi dan jumlah jam kerja utama, 2019",Upah Buruh,19
2067,"Rata-rata Upah/Gaji Bersih sebulan Buruh/Karyawan Pegawai Menurut Pendidikan Tertinggi dan jenis pekerjaan utama, 2019",Upah Buruh,19
2066,"Rata-rata UpahGaji Bersih sebulan Buruh/Karyawan Pegawai Menurut Kelompok Umur dan lapangan pekerjaan utama, 2019",Upah Buruh,19
2065,"Rata-rata Upah Gaji Bersih Sebulan Buruh Karyawan Pegawai Menurut Kelompok Umur dan Jenis Pekerjaan, 2019",Upah Buruh,19
2064,"Rata-rata Pendapatan Bersih Pekerja Bebas Menurut Provinsi dan Pendidikan Tertinggi yang Ditamatkan, 2019",Upah Buruh,19
2063,"Rata-rata Pendapatan Bersih Pekerja Bebas Menurut Provinsi dan Lapangan Pekerjaan Utama, 2019",Upah Buruh,19
2062,"Rata-rata Pendapatan Bersih Pekerja Bebas Menurut Provinsi dan Kelompok Umur, 2019",Upah Buruh,19
2061,"Rata-rata Pendapatan bersih Berusaha Sendiri menurut Provinsi dan Pendidikan yang Ditamatkan, 2019",Upah Buruh,19
2060,"Rata-rata Pendapatan Bersih Berusaha Sendiri Menurut Provinsi dan Lapangan Pekerjaan Utama, 2019",Upah Buruh,19
2059,"Rata-rata Pendapatan Bersih Berusaha Sendiri Menurut Provinsi dan Kelompok Umur, 2019",Upah Buruh,19
2058,"Penduduk Berumur 15 Tahun Ke Atas yang Bekerja Menurut Provinsi dan Status Pekerjaan Utama, 2019",Upah Buruh,19
2079,"Proporsi Penduduk Berumur 5 Tahun ke Atas yang Menonton Acara Televisi Selama Seminggu Terakhir menurut Provinsi, Tipe Daerah dan Jenis Kelamin, 2018",Sosial Budaya,27
2078,"Persentase Penduduk Berumur 5 Tahun ke Atas yang Mendengarkan Siaran Radio Selama Seminggu Terakhir menurut Provinsi, Tipe Daerah dan Jenis Kelamin, 2018",Sosial Budaya,27
2077,"Proporsi Penduduk Berumur 5 Tahun ke Atas yang Membaca Surat Kabar/Majalah (Media Cetak Maupun Elektronik) Selama Seminggu Terakhir menurut Provinsi, Tipe Daerah dan Jenis Kelamin, 2018",Sosial Budaya,27
2076,"Proporsi Penduduk Berumur 5 Tahun ke Atas yang Membaca (Baik Cetak Maupun Elektronik) Selama Seminggu Terakhir menurut Provinsi, Jenis Bacaan, dan Tipe Daerah, 2018",Sosial Budaya,27
1709,"Jumlah Rumah Tangga Perikanan Tangkap Menurut Provinsi dan Jenis Penangkapan, 2000-2016",Perikanan,56
2057,"Tabel Input Output 185 Produk, 2010",Input output,105
939,Persentase Perkembangan Distribusi Pengeluaran,Konsumsi dan Pengeluaran,5
1602,"Persentase Penduduk Berumur 10 Tahun ke Atas menurut Provinsi, Jenis Kelamin, dan Status Perkawinan, 2009-2018",Gender,40
1374,"Jumlah Akomodasi, Rata-rata Pekerja dan Jumlah Tamu per Hari Menurut Provinsi, Tahun 2009-2018 (Akomodasi Lainnya)",Pariwisata,16
1373,"Jumlah Akomodasi, Rata-rata Pekerja dan Jumlah Tamu per Hari Menurut Provinsi, 2009-2018 (Hotel Bintang)",Pariwisata,16
1871,"Posisi Simpanan Masyarakat (Rupiah dan Valuta Asing) pada Bank Umum Menurut Kelompok Bank (miliar rupiah), 2010-2017",Keuangan,13
1316,"Posisi Simpanan Berjangka Rupiah pada Bank Umum dan BPR Menurut Golongan Pemilik (miliar rupiah), 2005-2018",Keuangan,13
2004,"Posisi Kredit Usaha Mikro, Kecil, dan Menengah (UMKM)1 pada Bank Umum (miliar rupiah), 2016-2018",Keuangan,13
1306,"Posisi Pinjaman Rupiah dan Valuta Asing yang Diberikan Bank Umum dan BPR Menurut Kelompok Bank (miliar rupiah), 2000-2018",Keuangan,13
2003,"Posisi Kredit Perbankan1dalam Rupiah dan Valuta Asing Menurut Sektor Ekonomi (miliar rupiah), 2016-2018",Keuangan,13
1857,Perkembangan Dana Perbankan Menurut Jenisnya (miliar rupiah) 20102018,Keuangan,13
2055,"Nilai Produksi dan Biaya Produksi per Musim Tanam per Hektar Budidaya Tanaman Padi Sawah, Padi Ladang, Jagung, dan Kedelai, 2017",Tanaman Pangan,53
2054,"Persentase Rumah Tangga yang Mempunyai Tanaman Keras/Tahunan yang Langsung Ditanam di Tanah Menurut Provinsi dan Daerah Tempat Tinggal, 2013, 2014 dan 2017",Lingkungan Hidup,152
2053,"Persentase Rumah Tangga yang Memiliki AC Menurut Provinsi dan Perilaku Menyalakan AC Dibawah 25 C, 2013 dan 2017",Lingkungan Hidup,152
2051,"Persentase Rumah Tangga Menurut Provinsi dan Keberadaan Area Resapan Air, 2017",Lingkungan Hidup,152
933,"Ringkasan Pendapatan Bruto dan Pengeluaran Perusahaan Konstruksi (Juta Rupiah), 2010-2017",Konstruksi,4
2049,"Rata-rata Upah/Gaji Bersih Sebulan Buruh/Karyawan/Pegawai Menurut Provinsi dan Lapangan Pekerjaan Utama di 17 Sektor (rupiah), 2018",Upah Buruh,19
2048,"Rata-rata Upah/Gaji Bersih Sebulan Buruh/Karyawan/Pegawai Menurut Provinsi dan Jenis Pekerjaan Utama (Rupiah), 2018",Upah Buruh,19
2047,"Rata-rata Upah/Gaji Bersih Sebulan Buruh/Karyawan/Pegawai Menurut Pendidikan Tertinggi yang Ditamatkan dan Lapangan Pekerjaan Utama di 17 Sektor (rupiah), 2018",Upah Buruh,19
2046,"Rata-rata Upah/Gaji Bersih Sebulan Buruh/Karyawan/Pegawai Menurut Pendidikan Tertinggi yang Ditamatkan dan Jumlah Jam Kerja Seminggu dari Pekerjaan Utama (Rupiah), 2018",Upah Buruh,19
2045,"Rata-rata Upah/Gaji Bersih Sebulan Buruh/Karyawan/Pegawai Menurut Pendidikan Tertinggi yang Ditamatkan dan Jenis Pekerjaan Utama (rupiah), 2018",Upah Buruh,19
2044,"Rata-rata Upah/Gaji Bersih Sebulan Buruh/Karyawan/Pegawai Menurut Kelompok Umur dan Lapangan Pekerjaan Utama di 17 Sektor (Rupiah), 2018",Upah Buruh,19
2043,"Rata-rata Upah/Gaji Bersih Sebulan Buruh/Karyawan/Pegawai Menurut Kelompok Umur dan Jenis Pekerjaan (Rupiah), 2018",Upah Buruh,19
2042,"Rata-rata Pendapatan Bersih Pekerja Bebas Menurut Provinsi dan Pendidikan Tertinggi yang Ditamatkan (ribu rupiah), 2018",Upah Buruh,19
2041,"Rata-rata Pendapatan Bersih Pekerja Bebas Menurut Provinsi dan Lapangan Pekerjaan Utama (ribu rupiah), 2018",Upah Buruh,19
2040,"Rata-rata Pendapatan Bersih Pekerja Bebas Menurut Provinsi dan Kelompok Umur (ribu rupiah), 2018",Upah Buruh,19
2039,"Rata-rata Pendapatan Bersih Berusaha Sendiri menurut Provinsi dan Pendidikan yang Ditamatkan (ribu rupiah), 2018",Upah Buruh,19
2038,"Rata-rata Pendapatan Bersih Berusaha Sendiri Menurut Provinsi dan Lapangan Pekerjaan Utama (ribu rupiah), 2018",Upah Buruh,19
2037,"Rata-rata Pendapatan Bersih Berusaha Sendiri Menurut Provinsi dan Kelompok Umur (ribu rupiah), 2018",Upah Buruh,19
2036,"Penduduk Berumur 15 Tahun Ke Atas yang Bekerja Menurut Provinsi dan Status Pekerjaan Utama, 2018",Upah Buruh,19
1987,"Rata-rata Upah/Gaji Bersih Sebulan Buruh/Karyawan/Pegawai Menurut Provinsi dan Lapangan Pekerjaan Utama di 9 Sektor (rupiah), 2017",Upah Buruh,19
1989,"Rata-rata Upah/Gaji Bersih Sebulan Buruh/Karyawan/Pegawai Menurut Pendidikan Tertinggi yang Ditamatkan dan Lapangan Pekerjaan Utama di 9 Sektor (rupiah), 2017",Upah Buruh,19
1946,"Rata-rata Upah/Gaji Bersih Sebulan Buruh/Karyawan/Pegawai Menurut Pendidikan Tertinggi yang Ditamatkan dan Jenis Pekerjaan Utama (rupiah), 2016",Upah Buruh,19
1991,"Rata-rata Upah/Gaji Bersih Sebulan Buruh/Karyawan/Pegawai Menurut Pendidikan Tertinggi yang Ditamatkan dan Jenis Pekerjaan Utama (rupiah), 2017",Upah Buruh,19
1992,"Rata-rata Upah/Gaji Bersih Sebulan Buruh/Karyawan/Pegawai Menurut Kelompok Umur dan Lapangan Pekerjaan Utama di 9 Sektor (Rupiah), 2017",Upah Buruh,19
1949,"Rata-rata Upah/Gaji Bersih Sebulan Buruh/Karyawan/Pegawai Menurut Kelompok Umur dan Lapangan Pekerjaan Utama di 9 Sektor (Rupiah), 2016",Upah Buruh,19
1994,"Rata-rata Upah/Gaji Bersih Sebulan Buruh/Karyawan/Pegawai Menurut Kelompok Umur dan Jenis Pekerjaan (Rupiah), 2017",Upah Buruh,19
1957,"Rata-rata Pendapatan Bersih Pekerja Bebas Menurut Provinsi dan Lapangan Pekerjaan Utama (ribu rupiah), 2016",Upah Buruh,19
1995,"Rata-rata Pendapatan Bersih Pekerja Bebas Menurut Provinsi dan Lapangan Pekerjaan Utama (ribu rupiah), 2017",Upah Buruh,19
2270,"Tabel Input-Output Indonesia Transaksi Domestik Atas Dasar Harga Dasar (185 Produk), 2020 (Juta Rupiah)",Input output,105
2269,"Tabel Input-Output Indonesia Transaksi Domestik Atas Dasar Harga Dasar (17 Produk), 2020 (Juta Rupiah)",Input output,105
1936,"Penduduk Berumur 15 Tahun Ke Atas yang Bekerja Selama Seminggu yang Lalu Menurut Status Pekerjaan Utama dan Pendidikan Tertinggi yang Ditamatkan, 2008-2024",Tenaga Kerja,6
1904,"Penduduk Berumur 15 Tahun Ke Atas Menurut Golongan Umur dan Jenis Kegiatan Selama Seminggu yang Lalu, 2008 - 2024",Tenaga Kerja,6
970,Penduduk 15 Tahun Ke Atas yang Bekerja menurut Lapangan Pekerjaan Utama 1986 - 2024,Tenaga Kerja,6
1907,"Penduduk Berumur 15 Tahun Ke Atas Menurut Provinsi dan Jenis Kegiatan Selama Seminggu yang Lalu, 2008 - 2024",Tenaga Kerja,6
972,Pengangguran Terbuka Menurut Pendidikan Tertinggi yang Ditamatkan 1986 - 2024,Tenaga Kerja,6
1909,"Penduduk Berumur 15 Tahun Ke Atas Menurut Pendidikan Tertinggi yang Ditamatkan dan Jenis Kegiatan Selama Seminggu yang Lalu, 2008-2024",Tenaga Kerja,6
1911,"Penduduk Berumur 15 Tahun Ke atas yang Bekerja Selama Seminggu yang Lalu Menurut Status Pekerjaan Utama dan Lapangan Pekerjaan, 2008 - 2024",Tenaga Kerja,6
1932,"Penduduk Berumur 15 Tahun Ke Atas yang Bekerja Selama Seminggu yang Lalu Menurut Lapangan Pekerjaan Utama dan Pendidikan Tertinggi yang Ditamatkan, 2008 - 2024",Tenaga Kerja,6
1997,"Rata-rata Pendapatan Bersih Berusaha Sendiri menurut Provinsi dan Pendidikan yang Ditamatkan (ribu rupiah), 2017",Upah Buruh,19
1952,"Rata-rata Pendapatan Bersih Berusaha Sendiri menurut Provinsi dan Pendidikan yang Ditamatkan (ribu rupiah), 2016",Upah Buruh,19
1998,"Rata-rata Pendapatan Bersih Berusaha Sendiri Menurut Provinsi dan Lapangan Pekerjaan Utama (ribu rupiah), 2017",Upah Buruh,19
1953,"Rata-rata Pendapatan Bersih Berusaha Sendiri Menurut Provinsi dan Lapangan Pekerjaan Utama (ribu rupiah), 2016",Upah Buruh,19
1999,"Rata-rata Pendapatan Bersih Berusaha Sendiri Menurut Provinsi dan Kelompok Umur (ribu rupiah), 2017",Upah Buruh,19
1760,"Banyaknya Desa/Kelurahan Menurut Jenis Bahan Bakar untuk Memasak yang Digunakan oleh Sebagian Besar Keluarga dan Keberadaan Agen/Penjual Bahan Bakar, 2014 & 2018",Potensi Desa,168
1769,"Banyaknya Desa/Kelurahan Menurut Keberadaan Kelompok Pertokoan, Pasar, dan Kios Sarana Produksi Pertanian (Saprotan), 2014 & 2018",Potensi Desa,168
1759,"Banyaknya Desa/Kelurahan Menurut Keberadaan Keluarga Pengguna Listrik dan Sumber Penerangan Jalan Utama Desa, 2014 & 2018",Potensi Desa,168
1710,"Jumlah Perahu/Kapal Menurut Provinsi dan Jenis Perahu/Kapal, 2000-2016",Perikanan,56
1387,"Jumlah Kunjungan Wisatawan Mancanegara ke Indonesia Menurut Pintu Masuk, 1997-2017",Pariwisata,16
1967,"Data Anggaran Pendidikan dari Direktorat PAPBN, Kementrian Keuangan",Pendidikan,28
2007,"Persentase Guru Berkualifikasi Minimal S1 Pada Satuan Tingkat Pendidikan (Persen), 2012/2013 - 2016/2017",Pendidikan,28
2006,"Persentase Merokok Pada Penduduk Usia 18 Tahun Menurut Karakteristik (Persen), 2015-2016",Kesehatan,30
1339,"Rekapitulasi Neraca Perusahaan Asuransi Menurut Jenis Usaha per 31 Desember (miliar rupiah), 2000 - 2016",Keuangan,13
2002,"Pinjaman Investasi Bank-Bank Umum dalam Rupiah Menurut Sektor Ekonomi (miliar rupiah), 2016 dan 2017",Keuangan,13
1966,Rata-Rata Harga Valuta Asing Terpilih menurut Provinsi 2017,Keuangan,13
1856,"Bank dan Kantor Bank, 20102017",Keuangan,13
1308,"Pemberian Kredit oleh Lembaga-Lembaga Keuangan Lainnya (miliar rupiah), 20002016",Keuangan,13
2000,"Penduduk Berumur 15 Tahun Ke Atas yang Bekerja Menurut Provinsi dan Status Pekerjaan Utama, 2017",Upah Buruh,19
1996,"Rata-rata Pendapatan Bersih Pekerja Bebas Menurut Provinsi dan Kelompok Umur (ribu rupiah), 2017",Upah Buruh,19
1993,"Rata-rata Pendapatan Bersih Pekerja Bebas Menurut Provinsi dan Pendidikan Tertinggi yang Ditamatkan (ribu rupiah), 2017",Upah Buruh,19
1990,"Rata-rata Upah/Gaji Bersih Sebulan Buruh/Karyawan/Pegawai Menurut Pendidikan Tertinggi yang Ditamatkan dan Jumlah Jam Kerja Seminggu dari Pekerjaan Utama (Rupiah), 2017",Upah Buruh,19
1988,"Rata-rata Upah/Gaji Bersih Sebulan Buruh/Karyawan/Pegawai Menurut Provinsi dan Jenis Pekerjaan Utama (Rupiah), 2017",Upah Buruh,19
1017,"Ekspor Tembakau Menurut Negara Tujuan Utama, 2000-2015",Ekspor-Impor,8
1016,"Ekspor Teh Menurut Negara Tujuan Utama, 2000-2015",Ekspor-Impor,8
1494,"Jumlah Penduduk Miskin, Persentase Penduduk Miskin dan Garis Kemiskinan, 1970-2017",Kemiskinan dan Ketimpangan,23
1560,Nutrisi,Kesehatan,30
1956,"Rata-rata Pendapatan Bersih Pekerja Bebas Menurut Provinsi dan Pendidikan Tertinggi yang Ditamatkan (ribu rupiah), 2016",Upah Buruh,19
1955,"Rata-rata Pendapatan Bersih Pekerja Bebas Menurut Provinsi dan Kelompok Umur (ribu rupiah), 2016",Upah Buruh,19
1951,"Rata-rata Pendapatan Bersih Berusaha Sendiri Menurut Provinsi dan Kelompok Umur (ribu rupiah), 2016",Upah Buruh,19
1950,"Rata-rata Upah/Gaji Bersih Sebulan Buruh/Karyawan/Pegawai Menurut Kelompok Umur dan Jenis Pekerjaan (Rupiah), 2016",Upah Buruh,19
1948,"Rata-rata Upah/Gaji Bersih Sebulan Buruh/Karyawan/Pegawai Menurut Provinsi dan Jenis Pekerjaan Utama (Rupiah), 2016",Upah Buruh,19
1947,"Rata-rata Upah/Gaji Bersih Sebulan Buruh/Karyawan/Pegawai Menurut Pendidikan Tertinggi yang Ditamatkan dan Jumlah Jam Kerja Seminggu dari Pekerjaan Utama (Rupiah), 2016",Upah Buruh,19
1980,"Struktur Ongkos Perkiraan Usaha Ternak dan Unggas di Rumah Tangga dengan Pola Pemeliharaan Dikandangkan, 2017",Peternakan,24
1979,"Struktur Ongkos Riil Usaha Ternak dan Unggas di Rumah Tangga dengan Pola Pemeliharaan Dikandangkan, 2017",Peternakan,24
1978,"Struktur Ongkos Total Usaha Ternak dan Unggas di Rumah Tangga dengan Pola Pemeliharaan Dikandangkan, 2017",Peternakan,24
1858,"Kapasitas Terpasang, Tenaga Listrik yang Dibangkitkan, dan Listrik yang Didistribusikan Menurut Provinsi, 2014-2015",Energi,7
1883,"Posisi Utang Luar Negeri Pemerintah dan Bank Sentral Menurut Jenis Utang (juta US$), 2010-2016",Keuangan,13
1866,"Perkembangan Produk Domestik Bruto dan Produk Domestik Bruto per Kapita Atas Dasar Harga Konstan 2010, 2010-2016",Produk Domestik Bruto (Lapangan Usaha),11
1837,"Jumlah Sekolah, Guru, dan Murid Sekolah Menengah Atas (SMA) di Bawah Kementrian Pendidikan dan Kebudayaan Menurut Provinsi 2011/2012-2015/2016",Pendidikan,28
1835,"Jumlah Sekolah, Guru, dan Murid Sekolah Menengah Pertama (SMP) di Bawah Kementrian Pendidikan dan Kebudayaan Menurut Provinsi 2011/2012-2015/2016",Pendidikan,28
1811,"Jumlah Sekolah, Guru, dan Murid Madrasah Ibtidaiyah (MI) di Bawah Kementrian Agama Menurut Provinsi 2011/2012-2015/2016",Pendidikan,28
1532,"Persentase Penduduk Berumur 5 Tahun Ke Atas Menurut Golongan Umur, Daerah Tempat Tinggal, dan Partisipasi Sekolah, 2000-2016",Pendidikan,28
1487,"Indeks Harga yang Diterima Petani (It), Indeks Harga yang Dibayar Petani (Ib), dan Nilai Tukar Petani Subsektor Perikanan (NTN) Menurut Provinsi (2007=100), 2008-2016",Nilai Tukar Petani,22
1486,"Indeks Harga yang Diterima Petani (It), Indeks Harga yang Dibayar Petani (Ib), dan Nilai Tukar Petani Subsektor Peternakan (NTPT) Menurut Provinsi (2007=100), 2008-2016",Nilai Tukar Petani,22
1485,"Indeks Harga yang Diterima Petani (It), Indeks Harga yang Dibayar Petani (Ib), dan Nilai Tukar Petani Subsektor Tanaman Perkebunan Rakyat (NTPR) Menurut Provinsi (2007=100), 2008-2016",Nilai Tukar Petani,22
1484,"Indeks Harga yang Diterima Petani (It), Indes Harga yang Dibayar Petani (Ib), dan Nilai Tukar Petani Subsektor Hortikultura (NTPH) di Indonesia (2007=100), 2008-2016",Nilai Tukar Petani,22
1483,"Indeks Harga yang Diterima Petani (It), Indeks Harga yang Dibayar Petani (Ib), dan Nilai Tukar Petani Subsektor Tanaman Pangan (NTPP) di Indonesia (2007=100), 2008-2016",Nilai Tukar Petani,22
1482,"Indeks Harga yang Diterima Petani (It), Indeks Harga yang Dibayar Petani (Ib), dan Nilai Tukar Petani (NTP) Menurut Provinsi, 2008-2016",Nilai Tukar Petani,22
1481,"Indeks Harga yang Diterima Petani (It), Indeks Harga yang Dibayar Petani (Ib), Nilai Tukar Petani (NTP), dan Nilai Tukar Usaha Pertanian (NTUP) Menurut Periode Bulan, 2008-2016",Nilai Tukar Petani,22
1338,Posisi Utang Luar Negeri Indonesia Menurut Kelompok Peminjam (juta US$) 2005-2016,Keuangan,13
1333,"Posisi Pinjaman Investasi Bank-Bank Umum dalam Rupiah dan Valuta Asing Menurut Sektor Ekonomi (miliar rupiah), 2000 - 2016",Keuangan,13
1307,"Posisi Kredit Perbankan1 dalam Rupiah dan Valuta Asing Menurut Sektor Ekonomi (miliar rupiah), 2000-2016",Keuangan,13
1897,"Transaksi Domestik Atas Dasar Harga Dasar, 2010",Input output,105
1867,"Pembayaran Utang Luar Negeri Pemerintah dan Bank Sentral (juta US$), 20102016",Keuangan,13
1819,"Jumlah Pendapatan Setelah Pajak Menurut Golongan Rumah Tangga (miliar rupiah), 2000, 2005, dan 2008",Neraca Sosial Ekonomi,104
1807,"Realisasi Pendapatan dan Belanja Pemerintah Desa ( juta rupiah), 20122016",Pemerintahan,101
1802,"Realisasi Pendapatan Negara (miliar rupiah), 20122016",Pemerintahan,101
1180,"Ringkasan Anggaran Negara dan Realisasinya (miliar rupiah), 2007 - 2016",Pemerintahan,101
1372,"Status Kualitas Air Sungai, 2007 - 2016",Geografi,153
1369,"Frekuensi Gempa Berdasarkan Kedalaman dan Kekuatan Menurut Pulau di Indonesia, 2010-2016",Geografi,153
1366,"Luas Daerah dan Jumlah Pulau Menurut Provinsi, 2002-2016",Geografi,153
1334,"Pinjaman Investasi Bank-Bank Umum dalam Rupiah Menurut Sektor Ekonomi (miliar rupiah), 2000 - 2016",Keuangan,13
1320,"Posisi Utang Luar Negeri Indonesia Menurut Kreditor (juta US$), 2005-2016",Keuangan,13
1962,"Tekanan Udara dan Penyinaran Matahari di Stasiun Pengamatan BMKG, 2011-2015",Iklim,151
1959,"Jumlah Curah Hujan dan Jumlah Hari Hujan di Stasiun Pengamatan BMKG, 2011-2015",Iklim,151
1826,"Rata-Rata Pendapatan Disposabel per Kapita Menurut Golongan Rumah Tangga (ribu rupiah), 2000, 2005, dan 2008",Neraca Sosial Ekonomi,104
1825,"Nilai Pendapatan Disposabel Menurut Golongan Rumah Tangga (miliar rupiah), 2000, 2005, dan 2008",Neraca Sosial Ekonomi,104
1824,"Rata-Rata Pengeluaran Konsumsi per Kapita Menurut Golongan Rumah Tangga (ribu rupiah), 2000, 2005, dan 2008",Neraca Sosial Ekonomi,104
1823,"Nilai Pengeluaran Konsumsi Menurut Golongan Rumah Tangga (miliar rupiah), 2000, 2005, dan 2008",Neraca Sosial Ekonomi,104
1822,"Rata-Rata Jumlah Pendapatan per Kapita Menurut Golongan Rumah Tangga (ribu rupiah), 2000, 2005, dan 2008",Neraca Sosial Ekonomi,104
1821,"Jumlah Pendapatan Menurut Golongan Rumah Tangga (miliar rupiah) 2000, 2005, dan 2008",Neraca Sosial Ekonomi,104
1820,"Rata-Rata Pendapatan Setelah Pajak per Kapita Menurut Golongan Rumah Tangga (ribu rupiah), 2000, 2005, dan 2008",Neraca Sosial Ekonomi,104
1817,"Nilai Pendapatan Kapital Menurut Golongan Rumah Tangga (miliar rupiah), 2000, 2005, dan 2008",Neraca Sosial Ekonomi,104
1816,"Rata-Rata Upah dan Gaji per Kapita Menurut Golongan Rumah Tangga (ribu rupiah), 2000, 2005, dan 2008",Neraca Sosial Ekonomi,104
1352,"Impor Komoditi Bahan Perusak Lapisan Ozon (ton), 2000-2016",Iklim,151
1348,"Kecepatan Angin dan Kelembaban di Stasiun Pengamatan BMKG, 2000-2010",Iklim,151
1197,"Indeks Daya Penyebaran dan Indeks Derajat Kepekaan Menurut Sektor Ekonomi, 1995, 2000, 2005, dan 2010",Input output,105
1182,"Rekapitulasi Realisasi Penerimaan dan Pengeluaran Pemerintah Daerah Kabupaten/Kota (juta rupiah), 2006-2016",Pemerintahan,101
1181,"Rekapitulasi Realisasi Penerimaan dan Pengeluaran Pemerintah Daerah Provinsi (juta rupiah), 2006-2016",Pemerintahan,101
1179,"Anggaran Pendapatan Negara (miliar rupiah), 2007-2017",Pemerintahan,101
1876,"Posisi Kredit Usaha Mikro, Kecil, dan Menengah (UMKM) 1 pada Bank Umum (miliar rupiah), 2012-2016",Keuangan,13
1865,"Perkembangan Beberapa Agregat Pendapatan dan Pendapatan per Kapita Atas Dasar Harga Berlaku, 2010-2016",Produk Domestik Bruto (Lapangan Usaha),11
1531,"Persentase Penduduk Berumur 15 Tahun Ke Atas yang Melek Huruf Menurut Golongan Umur dan Daerah Tempat Tinggal, 2000-2016",Pendidikan,28
1850,Indeks Harga Konsumen per Kelompok di 82 Kota 1 (2012=100),Inflasi,3
916,"Indeks Harga Konsumen per Kelompok dan Subkelompok, Gabungan 82 Kota (2012=100)",Inflasi,3
912,Tingkat Inflasi Gabungan 82 Kota 1 (2012=100),Inflasi,3
1960,"Kecepatan Angin dan Kelembaban di Stasiun Pengamatan BMKG, 2011-2015",Iklim,151
1985,"Luas Daerah Pengaliran dan Debit dari Beberapa Sungai yang Daerah Pengalirannya Lebih dari 100 km2, 2015",Geografi,153
1984,"Rata-rata Harian Aliran Sungai, Tinggi Aliran, dan Volume Air di Beberapa Sungai yang Daerah Pengalirannya Lebih dari 100 km2, 2015",Geografi,153
1961,"Suhu Minimum, Rata-Rata, dan Maksimum di Stasiun Pengamatan BMKG (oC), 2011-2015",Iklim,151
1840,"Jumlah Perguruan Tinggi 1, Mahasiswa, dan Tenaga Edukatif (Negeri dan Swasta) di Bawah Kementrian Agama Menurut Provinsi 2013/2014 - 2015/2016",Pendidikan,28
1838,"Jumlah Sekolah, Guru, dan Murid Sekolah Menengah Kejuruan (SMK) di Bawah Kementrian Pendidikan dan Kebudayaan Menurut Provinsi tahun ajaran 2011/2012-2015/2016",Pendidikan,28
1836,"Jumlah Sekolah, Guru, dan Murid Madrasah Tsanawiyah (MTs) di Bawah Kementrian Agama Menurut Provinsi tahun ajaran 2011/2012-2015/2016",Pendidikan,28
1810,"Jumlah Sekolah, Guru, dan Murid Sekolah Dasar (SD) di Bawah Kementerian Pendidikan dan Kebudayaan Menurut Provinsi Tahun Ajaran 2011/2012-2015/2016",Pendidikan,28
1809,"Jumlah Sekolah, Guru, dan Murid Taman Kanak-Kanak (TK) di Bawah Kementrian Pendidikan dan Kebudayaan Menurut Provinsi tahun ajaran 2011/2012-2015/2016",Pendidikan,28
1534,"Jumlah Sekolah, Guru, dan Murid Madrasah Aliyah (MA) di Bawah Kementerian Agama Menurut Provinsi, tahun ajaran 2005/2006-2015/2016",Pendidikan,28
1361,Persentase Rumah Tangga Menurut Provinsi dan Sumber Air Minum 2000-2016,Perumahan,29
1349,"Jumlah Curah Hujan dan Jumlah Hari Hujan di Stasiun Pengamatan BMKG, 2000-2010",Iklim,151
964,"Rata-Rata Pengeluaran per Kapita Sebulan di Daerah Perkotaan dan Perdesaan Menurut Kelompok Barang dan Golongan Pengeluaran per Kapita Sebulan, 2013-2016",Konsumsi dan Pengeluaran,5
1171,"Persentase Perolehan Suara Sah Pemilu Presiden dan Wakil Presiden pada Putaran Pertama Menurut Provinsi dan Nama Pasangan Calon Presiden dan Wakil Presiden, 2009, 2014, 2019, 2024",Pemerintahan,101
1170,"Perolehan Suara Sah Pemilu Presiden dan Wakil Presiden pada Putaran Pertama Menurut Provinsi dan Nama Pasangan Calon Presiden dan Wakil Presiden, 2009, 2014, 2019 dan 2024",Pemerintahan,101
1716,"Luas Kawasan Hutan dan Kawasan Konservasi Perairan Indonesia Berdasarkan Surat Keputusan Menteri Lingkungan Hidup dan Kehutanan, 2017-2023",Kehutanan,60
1574,"Hasil Perhitungan Suara Sah Pemilu Presiden dan Wakil Presiden Menurut Provinsi Tahun 2004 , 2009 , 2014, 2019, 2024",Politik dan Keamanan,34
1605,"Persentase Rumah Tangga menurut Daerah Tempat Tinggal , Kelompok Umur, Jenis Kelamin Kepala Rumah Tangga, dan Status Perkawinan, 2009-2024",Gender,40
1604,"Persentase Rumah Tangga menurut Provinsi, Daerah Tempat Tinggal, dan Jenis Kelamin Kepala Rumah Tangga, 2009-2024",Gender,40
1606,"Persentase Rumah Tangga menurut Provinsi, Jenis Kelamin Kepala Rumah Tangga (KRT) yang Bekerja, dan Daerah Tempat Tinggal, 2009-2024",Gender,40
1620,"Persentase Penduduk yang Berobat Jalan Sebulan Terakhir Menurut Provinsi, dan Tempat/Cara Berobat, 2009-2024",Gender,40
1612,"Persentase Penduduk Umur 10 Tahun ke Atas Menurut Klasifikasi Desa, Jenis kelamin, dan Status Pendidikan, 2009-2024",Gender,40
2255,"Rata-rata Upah/Gaji Bersih Sebulan Buruh/Karyawan/Pegawai Menurut Provinsi dan Jenis Pekerjaan Utama, 2024",Upah Buruh,19
1292,"Realisasi Penerimaan/Pengeluaran Pemerintah Desa, 2005-2016",Keuangan,13
1972,Indeks Integritas Ujian Nasional,Pendidikan,28
1970,Jumlah Penghuni Lapas per Kanwil,Sosial Budaya,27
1935,"Penduduk Berumur 15 Tahun Ke Atas yang Bekerja Selama Seminggu yang Lalu Menurut Status Pekerjaan Utama dan Pendidikan Tertinggi yang Ditamatkan, 1997 - 2007",Tenaga Kerja,6
1910,"Penduduk Berumur 15 Tahun Keatas yang Bekerja Selama Seminggu yang Lalu Menurut Status Pekerjaan Utama dan Lapangan Pekerjaan, 1997 - 2007",Tenaga Kerja,6
980,"Penduduk Berumur 15 Tahun Ke Atas yang Bekerja Selama Seminggu yang Lalu Menurut Status Pekerjaan Utama dan Pendidikan Tertinggi yang Ditamatkan, 1986 - 1996",Tenaga Kerja,6
977,"Penduduk Berumur 15 Tahun Ke Atas yang Bekerja Selama Seminggu yang Lalu Menurut Status Pekerjaan Utama dan Lapangan Pekerjaan, 1986-1996",Tenaga Kerja,6
1244,"Laju Pertumbuhan PDB per Kapita Beberapa Negara Menurut Harga Konstan (persen), 2000-2015",Produk Domestik Bruto (Lapangan Usaha),11
1834,"Pinjaman Neto Menurut Sektor (triliun rupiah), 20082014",Neraca Sosial Ekonomi,104
1833,"Investasi Nonfinansial Menurut Sektor (triliun rupiah), 20082014",Neraca Sosial Ekonomi,104
1832,"Tabungan Bruto Menurut Sektor (triliun rupiah), 20082014",Neraca Sosial Ekonomi,104
1831,"Tabungan Bruto, Investasi Nonfinansial, dan Pinjaman Neto Triwulanan Sektor Domestik Lain (triliun rupiah), 20092015",Neraca Sosial Ekonomi,104
1830,"Tabungan Bruto, Investasi Nonfinansial, dan Pinjaman Neto Triwulanan Sektor Pemerintahan Umum (triliun rupiah), 20092015",Neraca Sosial Ekonomi,104
1439,"Rata-Rata Upah Nominal Per Bulan Buruh Produksi di Bawah Mandor di Perusahaan Industri Besar dan Sedang Menurut Subsektor (ribu rupiah), 2000-2014",Upah Buruh,19
1437,"Rata-Rata Upah Nominal Per Bulan Buruh Produksi/Pelaksana di Bawah Mandor/Supervisor Menurut Lapangan Usaha dan Wilayah (ribu rupiah), 2000-2014",Upah Buruh,19
1243,"Laju Pertumbuhan Produk Domestik Bruto Beberapa Negara di Beberapa Negara Menurut Harga Konstan, 2000-2015",Produk Domestik Bruto (Lapangan Usaha),11
1829,"Tabungan Bruto, Investasi Nonfinansial, dan Pinjaman Neto Triwulanan Sektor Perbankan (triliun rupiah), 20092015",Neraca Sosial Ekonomi,104
1828,"Tabungan Bruto, Investasi Nonfinansial, dan Pinjaman Neto Triwulanan Sektor Bank Sentral (triliun rupiah), 20092015",Neraca Sosial Ekonomi,104
1827,"Tabungan Bruto Domestik, Investasi Nonfinansial Domestik, dan Tabungan Luar Negeri Triwulanan (triliun rupiah), 20092015",Neraca Sosial Ekonomi,104
1463,"Indeks Harga Perdagangan Besar Menurut Kelompok Penggunaan Barang dan Sektor, 2000-2015",Harga Perdagangan Besar,20
1440,"Rata-Rata Upah Nominal Per Bulan Buruh Produksi di Bawah Mandor di Sektor Industri Pengolahan Menurut Subsektor dan Wilayah (ribu rupiah), 2000-2014",Upah Buruh,19
1356,"Persentase Rumah Tangga Menurut Provinsi dan Keberadaan Area Resapan Air, 2013-2014",Lingkungan Hidup,152
1839,"Jumlah Perguruan Tinggi , Mahasiswa, dan Tenaga Edukatif (Negeri dan Swasta) di Bawah Kementrian Pendidikan dan Kebudayaan Menurut Provinsi 2013/2014-2014/2015",Pendidikan,28
1351,"Rata-Rata Bulanan Konsentrasi Partikel Terlarut di Udara Beberapa Kota Menurut Bulan dan Kota (&#956;gr/m3), 2006-2015",Iklim,151
1944,Rata-Rata Harga Valuta Asing Terpilih menurut Provinsi 2016,Keuangan,13
1393,"Jumlah Wisatawan Asing Tahun 1974 - 2015, Devisa Wisman 1998-2015 dan Tingkat Penghunian Kamar (TPK) Hotel Bintang dan Non Bintang Tahun 1985 - 2015",Pariwisata,16
1322,Tabel Perkembangan UMKM pada Periode 1997 -2013,Keuangan,13
1321,Tabel Perkembangan Koperasi pada Periode 1967 -2015,Keuangan,13
1330,"Pinjaman Neto Menurut Sektor (Triliun rupiah), 2003-2014",Keuangan,13
1273,"Migrasi Risen (Recent Migration) Tahun 1980, 1985, 1990 , 1995, 2000, 2005, 2010, dan 2015",Kependudukan,12
1619,"Persentase Penduduk yang Mempunyai Keluhan Kesehatan dan Penggunaan Obat menurut Provinsi dan Jenis Kelamin, 2009-2014",Gender,40
1943,Persentase Rumah Tangga yang Memiliki AC Menurut Provinsi dan Perilaku Menyalakan AC Dibawah 240C,Lingkungan Hidup,152
1311,"Posisi Utang Luar Negeri Pemerintah dan Bank Sentral Menurut Kategori Kreditor dan Persyaratan Kredit (juta US$), 2005-2015",Keuangan,13
1896,"Transaksi Total Atas Dasar Harga Dasar, 2010",Input output,105
1933,"Penduduk Berumur 15 Tahun Ke Atas yang Bekerja Selama Seminggu yang Lalu Menurut Golongan Umur dan Jumlah Jam Kerja Seluruhnya, 1997 - 2007",Tenaga Kerja,6
1931,"Penduduk Berumur 15 Tahun Ke Atas yang Bekerja Selama Seminggu yang Lalu Menurut Lapangan Pekerjaan Utama dan Pendidikan Tertinggi yang Ditamatkan, 1997 - 2007",Tenaga Kerja,6
979,"Penduduk Berumur 15 Tahun Ke Atas yang Bekerja Selama Seminggu yang Lalu Menurut Golongan Umur dan Jumlah Jam Kerja Seluruhnya, 1986-1996",Tenaga Kerja,6
978,"Penduduk Berumur 15 Tahun Ke Atas yang Bekerja Selama Seminggu yang Lalu Menurut Lapangan Pekerjaan Utama dan Pendidikan Tertinggi yang Ditamatkan, 1986 -1996",Tenaga Kerja,6
1908,"Penduduk Berumur 15 Tahun Ke Atas Menurut Pendidikan Tertinggi yang Ditamatkan dan Jenis Kegiatan Selama Seminggu yang Lalu, 1997 - 2007",Tenaga Kerja,6
976,"Penduduk Berumur 15 Tahun Ke Atas Menurut Pendidikan Tertinggi yang Ditamatkan dan Jenis Kegiatan Selama Seminggu yang Lalu, 1986-1996",Tenaga Kerja,6
1906,"Penduduk Berumur 15 Tahun Ke Atas Menurut Provinsi dan Jenis Kegiatan Selama Seminggu yang Lalu, 1997-2007",Tenaga Kerja,6
1903,"Penduduk Berumur 15 Tahun Ke Atas Menurut Golongan Umur dan Jenis Kegiatan Selama Seminggu yang Lalu, 1997 - 2007",Tenaga Kerja,6
975,"Penduduk Berumur 15 Tahun Ke Atas Menurut Provinsi dan Jenis Kegiatan Selama Seminggu yang Lalu, 1986-1996",Tenaga Kerja,6
974,"Penduduk Berumur 15 Tahun Ke Atas Menurut Golongan Umur dan Jenis Kegiatan Selama Seminggu yang Lalu, 1986-1996",Tenaga Kerja,6
1794,Rata-Rata Harga Valuta Asing Terpilih menurut Provinsi 2015,Keuangan,13
1898,Klasifikasi 17 Sektor Tabel Input-Output Indonesia 2010,Input output,105
1895,"Transaksi Total Atas Dasar Harga Pembeli, 2010",Input output,105
1153,"Ringkasan Neraca Arus Dana, 2012 (Miliar Rupiah)",Neraca Arus Dana,100
1151,"Ringkasan Neraca Arus Dana, Triwulan III, 2012 (Miliar Rupiah)",Neraca Arus Dana,100
1150,"Ringkasan Neraca Arus Dana, Triwulan II, 2012 (Miliar Rupiah)",Neraca Arus Dana,100
1149,"Ringkasan Neraca Arus Dana, Triwulan I 2012, (Miliar Rupiah)",Neraca Arus Dana,100
1894,"Ringkasan Neraca Arus Dana, Triwulan II, 2015***), (Miliar Rupiah)",Neraca Arus Dana,100
1893,"Ringkasan Neraca Arus Dana, Triwulan I, 2015***), (Miliar Rupiah)",Neraca Arus Dana,100
1892,"Ringkasan Neraca Arus Dana, Triwulan IV, 2014**), (Miliar Rupiah)",Neraca Arus Dana,100
1891,"Ringkasan Neraca Arus Dana, Triwulan III, 2014**), (Miliar Rupiah)",Neraca Arus Dana,100
1160,"Ringkasan Neraca Arus Dana, Triwulan II, 2014**), (Miliar Rupiah)",Neraca Arus Dana,100
1159,"Ringkasan Neraca Arus Dana, Triwulan I, 2014**), (Miliar Rupiah)",Neraca Arus Dana,100
1890,"Ringkasan Neraca Arus Dana, 2014**), (Miliar Rupiah)",Neraca Arus Dana,100
1158,"Ringkasan Neraca Arus Dana, Triwulan IV, 2013*), (Miliar Rupiah)",Neraca Arus Dana,100
1157,"Ringkasan Neraca Arus Dana, Triwulan III, 2013*), (Miliar Rupiah)",Neraca Arus Dana,100
1156,"Ringkasan Neraca Arus Dana, 2013*), (Miliar Rupiah)",Neraca Arus Dana,100
1155,"Ringkasan Neraca Arus Dana, Triwulan II, 2013*), (Miliar Rupiah)",Neraca Arus Dana,100
1154,"Ringkasan Neraca Arus Dana, Triwulan I, 2013*), (Miliar Rupiah)",Neraca Arus Dana,100
1152,"Ringkasan Neraca Arus Dana, Triwulan IV, 2012), (Miliar Rupiah)",Neraca Arus Dana,100
1887,"Nilai Produksi dan Biaya Produksi per Hektar Usaha Tanaman Bawang Merah dan Cabai Merah, 2014",Hortikultura,55
1884,"Transaksi Domestik Atas Dasar Harga Produsen pada 9 Sektor Ekonomi (miliar rupiah), 2005",Input output,105
1350,"Tekanan Udara dan Penyinaran Matahari di Stasiun Pengamatan BMKG, 2003-2010",Iklim,151
1347,"Suhu Minimum, Rata-Rata, dan Maksimum di Stasiun Pengamatan BMKG (oC), 2000-2010",Iklim,151
1855,"Nilai Produksi dan Biaya Produksi per Musim Tanam per Hektar Budidaya Tanaman Padi Sawah, Padi Ladang, Jagung, dan Kedelai, 2014",Tanaman Pangan,53
1853,"Nilai Produksi dan Biaya Produksi per Hektar Usaha Perkebunan Kelapa Sawit dan Tebu, 2014",Perkebunan,54
1852,"Nilai Produksi dan Biaya Produksi per Trip Usaha Penangkapan Ikan di Laut Menggunakan Kapal Motor dan Perahu Motor Tempel, 2014",Perikanan,56
911,"Indeks Harga Konsumen per Kelompok di 66 Kota (2007=100), 2000-2012",Inflasi,3
1841,"Nilai Produksi dan Biaya Produksi Rumah Tangga Usaha Peternakan Menurut Jenis Ternak, 2014",Peternakan,24
1818,"Rata-Rata Pendapatan Kapital per Kapita Menurut Golongan Rumah Tangga (ribu rupiah), 2000, 2005, dan 2008",Neraca Sosial Ekonomi,104
1804,"Anggaran Belanja Pemerintah Pusat Berdasarkan Fungsi (miliar rupiah), 20132015",Pemerintahan,101
1178,"Anggaran Pendapatan dan Belanja Negara (miliar rupiah), 2007-2015",Pemerintahan,101
1453,"IHK dan Rata-rata Upah per Bulan Buruh Peternakan dan Perikanan di Bawah Mandor (Supervisor), 2012-2014 (2012=100)",Upah Buruh,19
1452,"IHK dan Rata-rata Upah per Bulan Buruh Perdagangan di Bawah Mandor (Supervisor), 2012-2014 (2012=100)",Upah Buruh,19
1451,"IHK dan Rata-rata Upah per Bulan Buruh Pertambangan di Bawah Mandor (Supervisor), 2012-2014 (2012=100)",Upah Buruh,19
1450,"IHK dan Rata-rata Upah per Bulan Buruh Hotel di Bawah Mandor (Supervisor), 2012-2014 (2012=100)",Upah Buruh,19
1449,"IHK dan Rata-rata Upah per Bulan Buruh Industri di Bawah Mandor (Supervisor), 2012-2014 (2012=100)",Upah Buruh,19
1448,"IHK dan Rata-rata Upah per Bulan Buruh Peternakan dan Perikanan di Bawah Mandor (Supervisor), 2007-2014 (2007=100)",Upah Buruh,19
1447,"IHK dan Rata-rata Upah per Bulan Buruh Perdagangan di Bawah Mandor (Supervisor), 2007-2014 (2007=100)",Upah Buruh,19
1446,"IHK dan Rata-rata Upah per Bulan Buruh Pertambangan di Bawah Mandor (Supervisor), 2007-2014 (2007=100)",Upah Buruh,19
1445,"IHK dan Rata-rata Upah per Bulan Buruh Hotel di Bawah Mandor (Supervisor), 2007-2014 (2007=100)",Upah Buruh,19
1444,"IHK dan Rata-rata Upah per Bulan Buruh Industri di Bawah Mandor (Supervisor), 2007-2014 (2007=100)",Upah Buruh,19
1443,"IHK dan Rata-rata Upah per Bulan Buruh Pertambangan di Bawah Mandor (Supervisor), 1996-2014 (1996=100)",Upah Buruh,19
1442,"IHK dan Rata-rata Upah per Bulan Buruh Hotel di Bawah Mandor (Supervisor), 1996-2014 (1996=100)",Upah Buruh,19
1441,"IHK dan Rata-rata Upah per Bulan Buruh Industri di Bawah Mandor (Supervisor), 1996-2014 (1996=100)",Upah Buruh,19
1436,"Rata-rata Upah Nominal, Indeks Upah Nominal dan Indeks Upah Riil Per Bulan Buruh Industri Pengolahan di Bawah Mandor, 2013-2014 (2012=100)",Upah Buruh,19
1435,"Rata-rata Upah Nominal, Indeks Upah Nominal dan Indeks Upah Riil Per Bulan Buruh Industri Pengolahan di Bawah Mandor, 2008-2014 (2007=100)",Upah Buruh,19
1434,"Rata-rata Upah Nominal, Indeks Upah Nominal dan Indeks Upah Riil Per Bulan Buruh Industri Pengolahan di Bawah Mandor, 2005-2014 (1996=100)",Upah Buruh,19
1433,"Rata-rata Upah Riil Per Bulan Buruh Industri Pengolahan di Bawah Mandor, 2013-2014 (2012=100)",Upah Buruh,19
1432,"Rata-rata Upah Riil Per Bulan Buruh Industri Pengolahan di Bawah Mandor, 2008-2014 (2007=100)",Upah Buruh,19
1431,"Rata-rata Upah Riil Per Bulan Buruh Industri Pengolahan di Bawah Mandor, 2005-2014 (1996=100)",Upah Buruh,19
1295,"Rata-rata Harga Valuta Asing Terpilih menurut Provinsi, 2014",Keuangan,13
1202,"[Seri 2000] Laju Pertumbuhan PDB Atas Dasar Harga Konstan 2000 Menurut Lapangan Usaha (Persen), 2000-2014",Produk Domestik Bruto (Lapangan Usaha),11
1200,"[Seri 2000] PDB Atas Dasar Harga Konstan 2000 Menurut Lapangan Usaha (Miliar Rupiah), 2000-2014",Produk Domestik Bruto (Lapangan Usaha),11
1199,"[Seri 2000] PDB Atas Dasar Harga Berlaku Menurut Lapangan Usaha (Miliar Rupiah), 2000-2014",Produk Domestik Bruto (Lapangan Usaha),11
1213,"[Seri 2000] Laju Pertumbuhan Kumulatif PDB Menurut Lapangan Usaha (Persen), 2001-2014",Produk Domestik Bruto (Lapangan Usaha),11
2232,"Rata-rata Upah/Gaji Bersih Sebulan Buruh/Karyawan/Pegawai Menurut Kelompok Umur dan Jenis Pekerjaan, 2024",Upah Buruh,19
2252,"Rata-rata Pendapatan Bersih Pekerja Bebas Menurut Provinsi dan Lapangan Pekerjaan Utama, 2024",Upah Buruh,19
2248,"Rata-rata Pendapatan bersih Berusaha Sendiri menurut Provinsi dan Pendidikan yang Ditamatkan, 2024",Upah Buruh,19
2246,"Rata-rata Upah/Gaji Bersih sebulan Buruh/Karyawan Pegawai Menurut Pendidikan Tertinggi dan Jumlah Jam Kerja Utama, 2024",Upah Buruh,19
2236,"Rata-rata Pendapatan Bersih Pekerja Bebas Menurut Provinsi dan Kelompok Umur, 2024",Upah Buruh,19
2254,"Penduduk Berumur 15 Tahun ke Atas yang Bekerja menurut Provinsi dan Status Pekerjaan Utama, 2024",Upah Buruh,19
2237,"Rata-rata Pendapatan Bersih Berusaha Sendiri Menurut Provinsi dan Lapangan Pekerjaan Utama, 2024",Upah Buruh,19
2249,"Rata-rata Upah/Gaji Bersih Sebulan Buruh/Karyawan Pegawai Menurut Kelompok Umur dan Lapangan Pekerjaan Utama, 2024",Upah Buruh,19
2250,"Rata-rata Upah/Gaji Bersih Sebulan Buruh/Karyawan/Pegawai Menurut Pendidikan Tertinggi yang Ditamatkan dan Jenis Pekerjaan Utama, 2024",Upah Buruh,19
2261,"Rata-rata Upah/Gaji Bersih Sebulan Buruh/Karyawan/Pegawai Menurut Pendidikan Tertinggi yang Ditamatkan dan Lapangan Pekerjaan Utama di 17 Sektor (rupiah), 2024",Upah Buruh,19
1211,"[Seri 2000] Laju Pertumbuhan PDB Triwulanan Atas Dasar Harga Konstan 2000 Terhadap Triwulan Tahun Sebelumnya, 2001-2014",Produk Domestik Bruto (Lapangan Usaha),11
1209,"[Seri 2000] Laju Pertumbuhan PDB Triwulanan Atas Dasar Harga Konstan 2000 Terhadap Triwulan Sebelumnya, 2001-2014",Produk Domestik Bruto (Lapangan Usaha),11
1207,"[Seri 2000] Distribusi PDB Triwulanan Atas Dasar Harga Berlaku Menurut Lapangan Usaha (Persen), 2000-2014",Produk Domestik Bruto (Lapangan Usaha),11
1206,"[Seri 2000] PDB Triwulanan Atas Dasar Harga Konstan 2000 Menurut Lapangan Usaha (Miliar Rupiah), 2000-2014",Produk Domestik Bruto (Lapangan Usaha),11
1204,"[Seri 2000] PDB Triwulanan Atas Dasar Harga Berlaku Menurut Lapangan Usaha(Miliar Rupiah), 2000-2014",Produk Domestik Bruto (Lapangan Usaha),11
1293,"Realisasi Penerimaan dan Pengeluaran Pemerintah Desa (Juta Rupiah) di Perkotaan menurut Provinsi, 2000-2012",Keuangan,13
1730,"Banyaknya Desa /Kelurahan Menurut Keberadaan Sarana Perdagangan dan Akomodasi, 2014",Potensi Desa,61
1722,"Banyaknya Desa /Kelurahan Menurut Jenis Bahan Bakar untuk Memasak yang Digunakan oleh Sebagian Besar Keluarga dan Keberadaan Agen/Penjual Bahan Bakar, 2014",Potensi Desa,61
1371,"Rata-Rata Harian Aliran Sungai, Tinggi Aliran, dan Volume Air di Beberapa Sungai yang Daerah Pengalirannya Lebih dari 1.000 km2, 2000-2011",Geografi,153
965,"Rata-Rata Pengeluaran per Kapita Sebulan Menurut Kelompok Barang (rupiah), 1998-2012",Konsumsi dan Pengeluaran,5
1370,"Luas Daerah Pengaliran dan Debit dari Beberapa Sungai yang Daerah Pengalirannya Lebih dari 1.000 km2, 2000-2011",Geografi,153
1569,"Kumulatif Kasus AIDS, Kasus Meninggal, Rate Kumulatif, dan Jumlah Kasus Baru AIDS Menurut Provinsi di Indonesia, 2008-2012",Kesehatan,30
1517,"Angka Harapan Hidup Penduduk Beberapa Negara (tahun), 1995-2015",Indeks Pembangunan Manusia,26
1628,"Produk Domestik Regional Bruto Tanpa Migas per Kapita Atas Dasar Harga Konstan 2000 Menurut Provinsi (ribu rupiah), 2000-2013",Produk Domestik Regional Bruto (Lapangan Usaha),52
1627,"Produk Domestik Regional Bruto Tanpa Migas Atas Dasar Harga Konstan 2000 Menurut Provinsi (miliar rupiah), 2000-2013",Produk Domestik Regional Bruto (Lapangan Usaha),52
1626,"Produk Domestik Regional Bruto Tanpa Migas Atas Dasar Harga Berlaku Menurut Provinsi (miliar rupiah), 2000-2013",Produk Domestik Regional Bruto (Lapangan Usaha),52
1625,"Distribusi Persentase Produk Domestik Regional Bruto Atas Dasar Harga Berlaku Menurut Provinsi, 2000-2013 (Persen)",Produk Domestik Regional Bruto (Lapangan Usaha),52
910,"Indeks Harga Konsumen Beberapa Negara (2005=100), 2009-2012",Inflasi,3
955,"Rata-rata pengeluaran konsumsi perkapita menurut golongan rumah tangga (ribu rupiah), 2000, 2005, dan 2008",Konsumsi dan Pengeluaran,5
954,"Nilai pengeluaran konsumsi menurut golongan rumah tangga (miliar rupiah), 2000, 2005, dan 2008",Konsumsi dan Pengeluaran,5
953,"Rata-rata Jumlah Pendapatan perkapita Menurut Golongan Rumah Tangga (ribu rupiah), 2000, 2005, 2008",Konsumsi dan Pengeluaran,5
952,"Jumlah Pendapatan Menurut Golongan Rumah Tangga (miliar rupiah), 2000, 2005, dan 2008",Konsumsi dan Pengeluaran,5
1194,"Transaksi Total Atas Dasar Harga Produsen 9 Sektor Ekonomi (miliar rupiah), 2005",Input output,105
1193,"Transaksi Total Atas Dasar Harga Pembeli 9 Sektor Ekonomi (miliar rupiah), 2005",Input output,105
963,"Rata-Rata Pengeluaran per Kapita Sebulan di Daerah Perkotaan dan Perdesaan Menurut Kelompok Barang dan Golongan Pengeluaran per Kapita Sebulan, 2000-2012",Konsumsi dan Pengeluaran,5
961,"Rata-Rata Pengeluaran per Kapita Sebulan di Daerah Perdesaan Menurut Kelompok Barang dan Golongan Pengeluaran per Kapita Sebulan, 2000-2012",Konsumsi dan Pengeluaran,5
959,"Rata-Rata Pengeluaran per Kapita Sebulan di Daerah Perkotaan Menurut Kelompok Barang dan Golongan Pengeluaran per Kapita Sebulan, 2000-2012",Konsumsi dan Pengeluaran,5
1522,"Proporsi Penduduk Berumur 5 Tahun ke Atas yang Mengakses Internet Selama Tiga Bulan Terakhir menurut Provinsi, Tipe Daerah dan Jenis Kelamin, 2012",Sosial Budaya,27
1521,"Proporsi Penduduk Berumur 10 Tahun ke Atas yang Membaca Selama Seminggu Terakhir menurut Provinsi, Jenis Bacaan, dan Tipe Daerah, 2012",Sosial Budaya,27
1520,"Proporsi Penduduk Berumur 10 Tahun ke Atas yang Membaca Surat Kabar/Majalah Selama Seminggu Terakhir menurut Provinsi, Tipe Daerah dan Jenis Kelamin, 2012",Sosial Budaya,27
1519,"Proporsi Penduduk Berumur 10 Tahun ke Atas yang Menonton Acara Televisi Selama Seminggu Terakhir menurut Provinsi, Tipe Daerah dan Jenis Kelamin, 2012",Sosial Budaya,27
1518,"Proporsi Penduduk Berumur 10 Tahun ke Atas yang Mendengarkan Siaran Radio Selama Seminggu Terakhir menurut Provinsi, Tipe Daerah dan Jenis Kelamin, 2012",Sosial Budaya,27
1430,"IHK, Upah Nominal, Indeks Upah Nominal dan Riil Buruh Industri Berstatus di bawah Mandor Menurut Wilayah, 2008-2014 (2007=100)",Upah Buruh,19
1355,"Persentase Rumah Tangga yang Memiliki AC Menurut Provinsi dan Perilaku Menyalakan AC Dibawah 25 C, 2013",Lingkungan Hidup,152
1353,"Persentase Rumah Tangga Menurut Provinsi dan Keberadaan Tanaman Keras/Tahunan di Pekarangan Rumah, 2013",Lingkungan Hidup,152
1148,"Ringkasan Neraca Arus Dana, 2011*), (Miliar Rupiah)",Neraca Arus Dana,100
1147,"Ringkasan Neraca Arus Dana, Triwulan IV, 2011*), (Miliar Rupiah)",Neraca Arus Dana,100
1146,"Ringkasan Neraca Arus Dana, Triwulan III, 2011*), (Miliar Rupiah)",Neraca Arus Dana,100
1145,"Ringkasan Neraca Arus Dana, Triwulan II, 2011*), (Miliar Rupiah)",Neraca Arus Dana,100
1144,"Ringkasan Neraca Arus Dana, Triwulan I, 2011*), (Miliar Rupiah)",Neraca Arus Dana,100
1143,"Ringkasan Neraca Arus Dana, 2010, (Miliar Rupiah)",Neraca Arus Dana,100
1142,"Ringkasan Neraca Arus Dana, Triwulan IV, 2010, (Miliar Rupiah)",Neraca Arus Dana,100
1141,"Ringkasan Neraca Arus Dana, Triwulan III, 2010, (Miliar Rupiah)",Neraca Arus Dana,100
1140,"Ringkasan Neraca Arus Dana, Triwulan II, 2010, (Miliar Rupiah)",Neraca Arus Dana,100
1139,"Ringkasan Neraca Arus Dana, Triwulan I, 2010, (Miliar Rupiah)",Neraca Arus Dana,100
1296,"Rata-rata Harga Valuta Asing Terpilih menurut Provinsi, 2013",Keuangan,13
1274,"Proyeksi Penduduk menurut provinsi, 2010 - 2035",Kependudukan,12
1558,Jumlah Rusunawa dan Perumnas yang dibangun (Unit),Perumahan,29
1530,Pembangunan Fasilitas Pendidikan,Pendidikan,28
1242,Peringkat Indonesia Dibandingkan Negara Lain,Produk Domestik Bruto (Lapangan Usaha),11
1312,"Pembayaran Utang Luar Negeri Indonesia (juta US$), 2006-2012",Keuangan,13
1466,"Upah Nominal dan Riil Buruh Tani di Indonesia (Rupiah), 2008-2013 (2007=100)",Upah Buruh,19
1735,Kata pengantar,Survei Sosial Ekonomi Nasional,81
1297,"Rata-rata Harga Valuta Asing Terpilih menurut Provinsi, 2012",Keuangan,13
1608,"Persentase Penduduk Berumur 15 tahun Ke Atas menurut Jenis Kegiatan Seminggu Yang Lalu, 2009-2012",Gender,40
1138,"Ringkasan Neraca Arus Dana, 2009, (Miliar Rupiah)",Neraca Arus Dana,100
1137,"Ringkasan Neraca Arus Dana, Triwulan IV, 2009, (Miliar Rupiah)",Neraca Arus Dana,100
1136,"Ringkasan Neraca Arus Dana, Triwulan III, 2009, (Miliar Rupiah)",Neraca Arus Dana,100
1135,"Ringkasan Neraca Arus Dana, Triwulan II, 2009, (Miliar Rupiah)",Neraca Arus Dana,100
1134,"Ringkasan Neraca Arus Dana, Triwulan I, 2009, (Miliar Rupiah)",Neraca Arus Dana,100
1489,"Jumlah dan Persentase Penduduk Miskin, Garis Kemiskinan, Indeks Kedalaman Kemiskinan (P1), dan Indeks Keparahan Kemiskinan (P2) Menurut Provinsi, 2007-2009 (Maret), 2010-2011, 2012 (Maret dan September)",Kemiskinan dan Ketimpangan,23
1298,"Rata-rata Harga Valuta Asing Terpilih menurut Provinsi, 2011",Keuangan,13
1108,Ringkasan Neraca Arus Dana Tahun 2003 (Miliar Rupiah),Neraca Arus Dana,100
1107,Ringkasan Neraca Arus Dana Triwulan IV Tahun 2003 (Miliar Rupiah),Neraca Arus Dana,100
1106,Ringkasan Neraca Arus Dana Triwulan III Tahun 2003 (Miliar Rupiah),Neraca Arus Dana,100
1105,Ringkasan Neraca Arus Dana Triwulan II Tahun 2003 (Miliar Rupiah),Neraca Arus Dana,100
1104,Ringkasan Neraca Arus Dana Triwulan I Tahun 2003 (Miliar Rupiah),Neraca Arus Dana,100
1128,"Ringkasan Neraca Arus Dana, 2007, (Miliar Rupiah)",Neraca Arus Dana,100
1127,"Ringkasan Neraca Arus Dana, Triwulan IV, 2007, (Miliar Rupiah)",Neraca Arus Dana,100
1126,"Ringkasan Neraca Arus Dana, Triwulan III, 2007, (Miliar Rupiah)",Neraca Arus Dana,100
1125,"Ringkasan Neraca Arus Dana, Triwulan II, 2007, (Miliar Rupiah)",Neraca Arus Dana,100
1124,"Ringkasan Neraca Arus Dana, Triwulan I, 2007, (Miliar Rupiah)",Neraca Arus Dana,100
1123,"Ringkasan Neraca Arus Dana, 2006, (Miliar Rupiah)",Neraca Arus Dana,100
1122,"Ringkasan Neraca Arus Dana, Triwulan IV, 2006, (Miliar Rupiah)",Neraca Arus Dana,100
1121,"Ringkasan Neraca Arus Dana, Triwulan III, 2006, (Miliar Rupiah)",Neraca Arus Dana,100
1120,"Ringkasan Neraca Arus Dana, Triwulan II, 2006, (Miliar Rupiah)",Neraca Arus Dana,100
1119,"Ringkasan Neraca Arus Dana, Triwulan I, 2006, (Miliar Rupiah)",Neraca Arus Dana,100
1118,"Ringkasan Neraca Arus Dana, 2005, (Miliar Rupiah)",Neraca Arus Dana,100
1117,"Ringkasan Neraca Arus Dana, Triwulan Keempat, 2005, (Miliar Rupiah)",Neraca Arus Dana,100
1116,"Ringkasan Neraca Arus Dana, Triwulan Ketiga, 2005, (Miliar Rupiah)",Neraca Arus Dana,100
1115,"Ringkasan Neraca Arus Dana, Triwulan Kedua, 2005, (Miliar Rupiah)",Neraca Arus Dana,100
1114,"Ringkasan Neraca Arus Dana, Triwulan Pertama, 2005, (Miliar Rupiah)",Neraca Arus Dana,100
1113,Ringkasan Neraca Arus Dana Tahun 2004 (Miliar Rupiah),Neraca Arus Dana,100
1112,Ringkasan Neraca Arus Dana Triwulan IV 2004 (Miliar Rupiah),Neraca Arus Dana,100
1111,Ringkasan Neraca Arus Dana Triwulan III 2004 (Miliar Rupiah),Neraca Arus Dana,100
1110,Ringkasan Neraca Arus Dana Triwulan II 2004 (Miliar Rupiah),Neraca Arus Dana,100
1109,Ringkasan Neraca Arus Dana Triwulan I 2004 (Miliar Rupiah),Neraca Arus Dana,100
1133,"Ringkasan Neraca Arus Dana, 2008, (Miliar Rupiah)",Neraca Arus Dana,100
1132,"Ringkasan Neraca Arus Dana, Triwulan IV, 2008, (Miliar Rupiah)",Neraca Arus Dana,100
1131,"Ringkasan Neraca Arus Dana, Triwulan III, 2008, (Miliar Rupiah)",Neraca Arus Dana,100
1130,"Ringkasan Neraca Arus Dana, Triwulan II, 2008, (Miliar Rupiah)",Neraca Arus Dana,100
1299,Rata-rata Harga Valuta Asing Terpilih menurut Provinsi 2010,Keuangan,13
1300,Rata-rata Harga Valuta Asing Terpilih menurut Provinsi 2009,Keuangan,13
1129,"Ringkasan Neraca Arus Dana, Triwulan I, 2008, (Miliar Rupiah)",Neraca Arus Dana,100
1103,"Ringkasan Neraca Arus Dana, 2002, (Miliar Rupiah)",Neraca Arus Dana,100
1102,"Ringkasan Neraca Arus Dana Triwulan Keempat, 2002, (Miliar Rupiah)",Neraca Arus Dana,100
1101,"Ringkasan Neraca Arus Dana Triwulan Ketiga, 2002, (Miliar Rupiah)",Neraca Arus Dana,100
1100,"Ringkasan Neraca Arus Dana Triwulan Kedua, 2002, (Miliar Rupiah)",Neraca Arus Dana,100
1099,"Ringkasan Neraca Arus Dana Triwulan Pertama, 2002, (Miliar Rupiah)",Neraca Arus Dana,100
1561,"Balita (0-59 Bulan) Menurut Status Gizi, Tahun 1998-2005",Kesehatan,30
2239,"Rata-rata Pendapatan Bersih Berusaha Sendiri Menurut Provinsi dan Kelompok Umur, 2024",Upah Buruh,19
2253,"Rata-Rata Upah/Gaji Bersih Sebulan (rupiah) Buruh/Karyawan/Pegawai menurut Provinsi dan Lapangan Pekerjaan Utama di 17 Sektor, 2024",Upah Buruh,19
2251,"Rata-rata Pendapatan Bersih Pekerja Bebas Menurut Provinsi dan Pendidikan Tertinggi yang Ditamatkan, 2024",Upah Buruh,19
1571,"Selang Waktu Terjadi Tindak Pidana Menurut Kepolisian Daerah, 2000 - 2023",Politik dan Keamanan,34
2260,"Rata-rata Konsumsi dan Pengeluaran Perkapita Seminggu Menurut Komoditi Makanan dan Golongan Pengeluaran per Kapita Seminggu di Provinsi Papua Pegunungan, 2024",Konsumsi dan Pengeluaran,5
2259,"Rata-rata Konsumsi dan Pengeluaran Perkapita Seminggu Menurut Komoditi Makanan dan Golongan Pengeluaran per Kapita Seminggu di Provinsi Papua Tengah, 2024",Konsumsi dan Pengeluaran,5
2258,"Rata-rata Konsumsi dan Pengeluaran Perkapita Seminggu Menurut Komoditi Makanan dan Golongan Pengeluaran per Kapita Seminggu di Provinsi Papua Selatan, 2024",Konsumsi dan Pengeluaran,5
2257,"Rata-rata Konsumsi dan Pengeluaran Perkapita Seminggu Menurut Komoditi Makanan dan Golongan Pengeluaran per Kapita Seminggu di Provinsi Papua Barat Daya, 2024",Konsumsi dan Pengeluaran,5
2147,"Rata-rata Konsumsi dan Pengeluaran Perkapita Seminggu Menurut Komoditi Makanan dan Golongan Pengeluaran per Kapita Seminggu di Provinsi Papua, 2018-2024",Konsumsi dan Pengeluaran,5
2146,"Rata-rata Konsumsi dan Pengeluaran Perkapita Seminggu Menurut Komoditi Makanan dan Golongan Pengeluaran per Kapita Seminggu di Provinsi Papua Barat, 2018-2024",Konsumsi dan Pengeluaran,5
1429,"IHK, Upah Nominal, Indeks Upah Nominal dan Riil Buruh Industri Berstatus di bawah Mandor Menurut Wilayah, 2004-2009 (2002=100)",Upah Buruh,19
1581,"Banyaknya Usaha yang Tidak Berbadan Hukum Menurut Pulau/Provinsi, 1996-2004",Usaha Mikro Kecil,35
1537,Indikator Perumahan 1993-2024,Perumahan,29
2242,"Persentase Penduduk Usia 7-23 Tahun Menurut Jenis Kelamin, Kelompok Umur Sekolah, dan Partisipasi Sekolah, 2015-2024",Pendidikan,28
2154,"Rata-rata Konsumsi dan Pengeluaran Perkapita Seminggu Menurut Komoditi Makanan dan Golongan Pengeluaran per Kapita Seminggu di Provinsi Sulawesi Tengah, 2018-2024",Konsumsi dan Pengeluaran,5
2153,"Rata-rata Konsumsi dan Pengeluaran Perkapita Seminggu Menurut Komoditi Makanan dan Golongan Pengeluaran per Kapita Seminggu di Provinsi Sulawesi Selatan, 2018-2024",Konsumsi dan Pengeluaran,5
2150,"Rata-rata Konsumsi dan Pengeluaran Perkapita Seminggu Menurut Komoditi Makanan dan Golongan Pengeluaran per Kapita Seminggu di Provinsi Sulawesi Barat, 2018-2024",Konsumsi dan Pengeluaran,5
2176,"Rata-rata Konsumsi dan Pengeluaran Perkapita Seminggu Menurut Komoditi Makanan dan Golongan Pengeluaran per Kapita Seminggu di Provinsi Riau, 2018-2024",Konsumsi dan Pengeluaran,5
2161,"Rata-rata Konsumsi dan Pengeluaran Perkapita Seminggu Menurut Komoditi Makanan dan Golongan Pengeluaran per Kapita Seminggu di Provinsi Nusa Tenggara Timur, 2018-2024",Konsumsi dan Pengeluaran,5
2162,"Rata-rata Konsumsi dan Pengeluaran Perkapita Seminggu Menurut Komoditi Makanan dan Golongan Pengeluaran per Kapita Seminggu di Provinsi Nusa Tenggara Barat, 2018-2024",Konsumsi dan Pengeluaran,5
2172,"Rata-rata Konsumsi dan Pengeluaran Perkapita Seminggu Menurut Komoditi Makanan dan Golongan Pengeluaran per Kapita Seminggu di Provinsi Lampung, 2018-2024",Konsumsi dan Pengeluaran,5
2170,"Rata-rata Konsumsi dan Pengeluaran Perkapita Seminggu Menurut Komoditi Makanan dan Golongan Pengeluaran per Kapita Seminggu di Provinsi Kepulauan Riau, 2018-2024",Konsumsi dan Pengeluaran,5
2171,"Rata-rata Konsumsi dan Pengeluaran Perkapita Seminggu Menurut Komoditi Makanan dan Golongan Pengeluaran per Kapita Seminggu di Provinsi Kepulauan Bangka Belitung, 2018-2024",Konsumsi dan Pengeluaran,5
2156,"Rata-rata Konsumsi dan Pengeluaran Perkapita Seminggu Menurut Komoditi Makanan dan Golongan Pengeluaran per Kapita Seminggu di Provinsi Kalimantan Utara, 2018-2024",Konsumsi dan Pengeluaran,5
2157,"Rata-rata Konsumsi dan Pengeluaran Perkapita Seminggu Menurut Komoditi Makanan dan Golongan Pengeluaran per Kapita Seminggu di Provinsi Kalimantan Timur, 2018-2024",Konsumsi dan Pengeluaran,5
2159,"Rata-rata Konsumsi dan Pengeluaran Perkapita Seminggu Menurut Komoditi Makanan dan Golongan Pengeluaran per Kapita Seminggu di Provinsi Kalimantan Tengah, 2018-2024",Konsumsi dan Pengeluaran,5
2158,"Rata-rata Konsumsi dan Pengeluaran Perkapita Seminggu Menurut Komoditi Makanan dan Golongan Pengeluaran per Kapita Seminggu di Provinsi Kalimantan Selatan, 2018-2024",Konsumsi dan Pengeluaran,5
2160,"Rata-rata Konsumsi dan Pengeluaran Perkapita Seminggu Menurut Komoditi Makanan dan Golongan Pengeluaran per Kapita Seminggu di Provinsi Kalimantan Barat, 2018-2024",Konsumsi dan Pengeluaran,5
2165,"Rata-rata Konsumsi dan Pengeluaran Perkapita Seminggu Menurut Komoditi Makanan dan Golongan Pengeluaran per Kapita Seminggu di Provinsi Jawa Timur, 2018-2024",Konsumsi dan Pengeluaran,5
2167,"Rata-rata Konsumsi dan Pengeluaran Perkapita Seminggu Menurut Komoditi Makanan dan Golongan Pengeluaran per Kapita Seminggu di Provinsi Jawa Tengah, 2018-2024",Konsumsi dan Pengeluaran,5
2168,"Rata-rata Konsumsi dan Pengeluaran Perkapita Seminggu Menurut Komoditi Makanan dan Golongan Pengeluaran per Kapita Seminggu di Provinsi Jawa Barat, 2018-2024",Konsumsi dan Pengeluaran,5
2175,"Rata-rata Konsumsi dan Pengeluaran Perkapita Seminggu Menurut Komoditi Makanan dan Golongan Pengeluaran per Kapita Seminggu di Provinsi Jambi, 2018-2024",Konsumsi dan Pengeluaran,5
